team,first_name,last_name,player,date,gamekey,status,pitcherp,W,SV,ER,QS,DP,HR,SB,H,ASS,BB
Pierzinskis Misspelled D-Bags,Andrew,McCutchen,457705,2014-07-01,2014_07_01_arimlb_pitmlb_1,F,0,0,0,0,0,0,0,0,0,0,1
Pierzinskis Misspelled D-Bags,Andrew,McCutchen,457705,2014-07-02,2014_07_02_arimlb_pitmlb_1,F,0,0,0,0,0,0,0,0,2,0,1
Pierzinskis Misspelled D-Bags,Andrew,McCutchen,457705,2014-07-03,2014_07_03_arimlb_pitmlb_1,F,0,0,0,0,0,0,0,0,2,0,0
Pierzinskis Misspelled D-Bags,Andrew,McCutchen,457705,2014-07-04,2014_07_04_phimlb_pitmlb_1,F,0,0,0,0,0,0,0,1,4,0,0
Pierzinskis Misspelled D-Bags,Andrew,McCutchen,457705,2014-07-05,2014_07_05_phimlb_pitmlb_1,F,0,0,0,0,0,0,1,0,1,0,0
Pierzinskis Misspelled D-Bags,Andrew,McCutchen,457705,2014-07-06,2014_07_06_phimlb_pitmlb_1,F,0,0,0,0,0,0,0,0,2,0,0
Pierzinskis Misspelled D-Bags,Andrew,McCutchen,457705,2014-07-07,2014_07_07_pitmlb_slnmlb_1,F,0,0,0,0,0,0,0,0,0,0,0
Pierzinskis Misspelled D-Bags,Andrew,McCutchen,457705,2014-07-08,2014_07_08_pitmlb_slnmlb_1,F,0,0,0,0,0,0,1,0,1,0,1
Pierzinskis Misspelled D-Bags,Andrew,McCutchen,457705,2014-07-09,2014_07_09_pitmlb_slnmlb_1,F,0,0,0,0,0,0,0,0,0,1,0
Pierzinskis Misspelled D-Bags,Andrew,McCutchen,457705,2014-07-10,2014_07_10_pitmlb_slnmlb_1,F,0,0,0,0,0,0,0,2,2,0,0
Pierzinskis Misspelled D-Bags,Andrew,McCutchen,457705,2014-07-11,2014_07_11_pitmlb_cinmlb_1,F,0,0,0,0,0,0,1,0,2,0,1
Pierzinskis Misspelled D-Bags,Andrew,McCutchen,457705,2014-07-12,2014_07_12_pitmlb_cinmlb_1,F,0,0,0,0,0,0,2,0,3,0,0
Pierzinskis Misspelled D-Bags,Brian,Dozier,572821,2014-07-02,2014_07_02_kcamlb_minmlb_1,F,0,0,0,0,0,0,0,0,0,4,0
Pierzinskis Misspelled D-Bags,Brian,Dozier,572821,2014-07-03,2014_07_03_nyamlb_minmlb_1,F,0,0,0,0,0,0,0,0,2,5,0
Pierzinskis Misspelled D-Bags,Brian,Dozier,572821,2014-07-04,2014_07_04_nyamlb_minmlb_1,F,0,0,0,0,0,0,1,0,1,6,0
Pierzinskis Misspelled D-Bags,Brian,Dozier,572821,2014-07-05,2014_07_05_nyamlb_minmlb_1,F,0,0,0,0,0,0,0,0,1,5,0
Pierzinskis Misspelled D-Bags,Brian,Dozier,572821,2014-07-06,2014_07_06_nyamlb_minmlb_1,F,0,0,0,0,0,0,0,0,1,7,0
Pierzinskis Misspelled D-Bags,Brian,Dozier,572821,2014-07-07,2014_07_07_minmlb_seamlb_1,F,0,0,0,0,0,0,0,0,1,4,0
Pierzinskis Misspelled D-Bags,Brian,Dozier,572821,2014-07-08,2014_07_08_minmlb_seamlb_1,F,0,0,0,0,0,0,0,0,0,3,0
Pierzinskis Misspelled D-Bags,Brian,Dozier,572821,2014-07-09,2014_07_09_minmlb_seamlb_1,F,0,0,0,0,0,0,0,0,2,6,0
Pierzinskis Misspelled D-Bags,Brian,Dozier,572821,2014-07-10,2014_07_10_minmlb_seamlb_1,F,0,0,0,0,0,0,0,1,1,1,0
Pierzinskis Misspelled D-Bags,Brian,Dozier,572821,2014-07-11,2014_07_11_minmlb_colmlb_1,F,0,0,0,0,0,0,0,0,2,3,1
Pierzinskis Misspelled D-Bags,Brian,Dozier,572821,2014-07-12,2014_07_12_minmlb_colmlb_1,F,0,0,0,0,0,0,0,0,1,2,0
Pierzinskis Misspelled D-Bags,Ryan,Braun,460075,2014-07-01,2014_07_01_milmlb_tormlb_1,F,0,0,0,0,0,0,0,0,1,0,0
Pierzinskis Misspelled D-Bags,Ryan,Braun,460075,2014-07-02,2014_07_02_milmlb_tormlb_1,F,0,0,0,0,0,0,0,0,2,0,0
Pierzinskis Misspelled D-Bags,Ryan,Braun,460075,2014-07-04,2014_07_04_milmlb_cinmlb_1,F,0,0,0,0,0,0,0,0,0,0,1
Pierzinskis Misspelled D-Bags,Ryan,Braun,460075,2014-07-05,2014_07_05_milmlb_cinmlb_1,F,0,0,0,0,0,0,0,0,0,0,0
Pierzinskis Misspelled D-Bags,Ryan,Braun,460075,2014-07-07,2014_07_07_phimlb_milmlb_1,F,0,0,0,0,0,0,0,0,2,0,0
Pierzinskis Misspelled D-Bags,Ryan,Braun,460075,2014-07-10,2014_07_10_phimlb_milmlb_1,F,0,0,0,0,0,0,0,0,1,0,0
Pierzinskis Misspelled D-Bags,Ryan,Braun,460075,2014-07-11,2014_07_11_slnmlb_milmlb_1,F,0,0,0,0,0,0,0,0,2,0,0
Pierzinskis Misspelled D-Bags,Ryan,Braun,460075,2014-07-12,2014_07_12_slnmlb_milmlb_1,F,0,0,0,0,0,0,0,0,2,0,0
Pierzinskis Misspelled D-Bags,Howie,Kendrick,435062,2014-07-01,2014_07_01_anamlb_chamlb_1,F,0,0,0,0,0,0,0,0,0,4,1
Pierzinskis Misspelled D-Bags,Howie,Kendrick,435062,2014-07-01,2014_07_01_anamlb_chamlb_2,F,0,0,0,0,0,0,0,0,2,3,1
Pierzinskis Misspelled D-Bags,Howie,Kendrick,435062,2014-07-02,2014_07_02_anamlb_chamlb_1,F,0,0,0,0,0,0,0,0,1,2,0
Pierzinskis Misspelled D-Bags,Howie,Kendrick,435062,2014-07-03,2014_07_03_houmlb_anamlb_1,F,0,0,0,0,0,0,0,0,2,1,0
Pierzinskis Misspelled D-Bags,Howie,Kendrick,435062,2014-07-04,2014_07_04_houmlb_anamlb_1,F,0,0,0,0,0,0,0,0,4,1,0
Pierzinskis Misspelled D-Bags,Howie,Kendrick,435062,2014-07-05,2014_07_05_houmlb_anamlb_1,F,0,0,0,0,0,0,0,0,2,1,1
Pierzinskis Misspelled D-Bags,Howie,Kendrick,435062,2014-07-06,2014_07_06_houmlb_anamlb_1,F,0,0,0,0,0,0,0,0,0,2,1
Pierzinskis Misspelled D-Bags,Howie,Kendrick,435062,2014-07-07,2014_07_07_tormlb_anamlb_1,F,0,0,0,0,0,0,0,0,3,3,0
Pierzinskis Misspelled D-Bags,Howie,Kendrick,435062,2014-07-08,2014_07_08_tormlb_anamlb_1,F,0,0,0,0,0,0,0,0,1,6,0
Pierzinskis Misspelled D-Bags,Howie,Kendrick,435062,2014-07-09,2014_07_09_tormlb_anamlb_1,F,0,0,0,0,0,0,0,0,1,2,0
Pierzinskis Misspelled D-Bags,Howie,Kendrick,435062,2014-07-10,2014_07_10_anamlb_texmlb_1,F,0,0,0,0,0,0,0,0,0,1,0
Pierzinskis Misspelled D-Bags,Howie,Kendrick,435062,2014-07-11,2014_07_11_anamlb_texmlb_1,F,0,0,0,0,0,0,0,0,0,2,0
Pierzinskis Misspelled D-Bags,Howie,Kendrick,435062,2014-07-12,2014_07_12_anamlb_texmlb_1,F,0,0,0,0,0,0,0,0,3,0,0
Pierzinskis Misspelled D-Bags,Starling,Marte,516782,2014-07-01,2014_07_01_arimlb_pitmlb_1,F,0,0,0,0,0,0,0,0,1,0,0
Pierzinskis Misspelled D-Bags,Starling,Marte,516782,2014-07-02,2014_07_02_arimlb_pitmlb_1,F,0,0,0,0,0,0,0,1,1,0,1
Pierzinskis Misspelled D-Bags,Starling,Marte,516782,2014-07-03,2014_07_03_arimlb_pitmlb_1,F,0,0,0,0,0,0,0,1,1,0,0
Pierzinskis Misspelled D-Bags,Starling,Marte,516782,2014-07-04,2014_07_04_phimlb_pitmlb_1,F,0,0,0,0,0,0,0,1,1,0,1
Pierzinskis Misspelled D-Bags,Starling,Marte,516782,2014-07-05,2014_07_05_phimlb_pitmlb_1,F,0,0,0,0,0,0,0,0,0,0,0
Pierzinskis Misspelled D-Bags,Starling,Marte,516782,2014-07-06,2014_07_06_phimlb_pitmlb_1,F,0,0,0,0,0,0,0,0,1,0,0
Pierzinskis Misspelled D-Bags,Starling,Marte,516782,2014-07-07,2014_07_07_pitmlb_slnmlb_1,F,0,0,0,0,0,0,0,0,2,0,0
Pierzinskis Misspelled D-Bags,Starling,Marte,516782,2014-07-08,2014_07_08_pitmlb_slnmlb_1,F,0,0,0,0,0,0,0,0,0,0,0
Pierzinskis Misspelled D-Bags,Evan,Longoria,446334,2014-07-01,2014_07_01_tbamlb_nyamlb_1,F,0,0,0,0,0,0,0,0,2,3,0
Pierzinskis Misspelled D-Bags,Evan,Longoria,446334,2014-07-02,2014_07_02_tbamlb_nyamlb_1,F,0,0,0,0,0,0,0,0,0,1,2
Pierzinskis Misspelled D-Bags,Evan,Longoria,446334,2014-07-03,2014_07_03_tbamlb_detmlb_1,F,0,0,0,0,0,0,0,0,0,4,0
Pierzinskis Misspelled D-Bags,Evan,Longoria,446334,2014-07-04,2014_07_04_tbamlb_detmlb_1,F,0,0,0,0,0,0,1,0,2,4,2
Pierzinskis Misspelled D-Bags,Evan,Longoria,446334,2014-07-05,2014_07_05_tbamlb_detmlb_1,F,0,0,0,0,0,0,0,1,1,2,2
Pierzinskis Misspelled D-Bags,Evan,Longoria,446334,2014-07-06,2014_07_06_tbamlb_detmlb_1,F,0,0,0,0,0,0,0,0,1,2,0
Pierzinskis Misspelled D-Bags,Evan,Longoria,446334,2014-07-07,2014_07_07_kcamlb_tbamlb_1,F,0,0,0,0,0,0,0,0,0,4,0
Pierzinskis Misspelled D-Bags,Evan,Longoria,446334,2014-07-08,2014_07_08_kcamlb_tbamlb_1,F,0,0,0,0,0,0,0,0,1,2,0
Pierzinskis Misspelled D-Bags,Evan,Longoria,446334,2014-07-09,2014_07_09_kcamlb_tbamlb_1,F,0,0,0,0,0,0,0,0,1,4,1
Pierzinskis Misspelled D-Bags,Evan,Longoria,446334,2014-07-11,2014_07_11_tormlb_tbamlb_1,F,0,0,0,0,0,0,0,0,0,0,1
Pierzinskis Misspelled D-Bags,Evan,Longoria,446334,2014-07-12,2014_07_12_tormlb_tbamlb_1,F,0,0,0,0,0,0,0,0,0,1,0
Pierzinskis Misspelled D-Bags,Elvis,Andrus,462101,2014-07-01,2014_07_01_texmlb_balmlb_1,F,0,0,0,0,0,0,0,0,0,3,0
Pierzinskis Misspelled D-Bags,Elvis,Andrus,462101,2014-07-02,2014_07_02_texmlb_balmlb_1,F,0,0,0,0,0,0,0,0,0,0,1
Pierzinskis Misspelled D-Bags,Elvis,Andrus,462101,2014-07-03,2014_07_03_texmlb_balmlb_1,F,0,0,0,0,0,0,0,0,3,2,0
Pierzinskis Misspelled D-Bags,Elvis,Andrus,462101,2014-07-04,2014_07_04_texmlb_nynmlb_1,F,0,0,0,0,0,0,0,1,3,0,0
Pierzinskis Misspelled D-Bags,Elvis,Andrus,462101,2014-07-05,2014_07_05_texmlb_nynmlb_1,F,0,0,0,0,0,0,0,0,1,3,0
Pierzinskis Misspelled D-Bags,Elvis,Andrus,462101,2014-07-06,2014_07_06_texmlb_nynmlb_1,F,0,0,0,0,0,0,0,0,0,0,1
Pierzinskis Misspelled D-Bags,Elvis,Andrus,462101,2014-07-07,2014_07_07_houmlb_texmlb_1,F,0,0,0,0,0,0,0,0,2,3,0
Pierzinskis Misspelled D-Bags,Elvis,Andrus,462101,2014-07-08,2014_07_08_houmlb_texmlb_1,F,0,0,0,0,0,0,0,0,1,3,0
Pierzinskis Misspelled D-Bags,Elvis,Andrus,462101,2014-07-09,2014_07_09_houmlb_texmlb_1,F,0,0,0,0,0,0,0,0,1,5,0
Pierzinskis Misspelled D-Bags,Elvis,Andrus,462101,2014-07-10,2014_07_10_anamlb_texmlb_1,F,0,0,0,0,0,0,0,0,0,2,0
Pierzinskis Misspelled D-Bags,Elvis,Andrus,462101,2014-07-11,2014_07_11_anamlb_texmlb_1,F,0,0,0,0,0,0,0,0,1,1,0
Pierzinskis Misspelled D-Bags,Elvis,Andrus,462101,2014-07-12,2014_07_12_anamlb_texmlb_1,F,0,0,0,0,0,0,0,1,0,2,0
Pierzinskis Misspelled D-Bags,Miguel,Montero,471083,2014-07-01,2014_07_01_arimlb_pitmlb_1,F,0,0,0,0,0,0,0,0,1,1,0
Pierzinskis Misspelled D-Bags,Miguel,Montero,471083,2014-07-02,2014_07_02_arimlb_pitmlb_1,F,0,0,0,0,0,0,0,0,0,1,1
Pierzinskis Misspelled D-Bags,Miguel,Montero,471083,2014-07-03,2014_07_03_arimlb_pitmlb_1,F,0,0,0,0,0,0,0,0,1,2,1
Pierzinskis Misspelled D-Bags,Miguel,Montero,471083,2014-07-04,2014_07_04_arimlb_atlmlb_1,F,0,0,0,0,0,0,0,0,0,0,0
Pierzinskis Misspelled D-Bags,Miguel,Montero,471083,2014-07-05,2014_07_05_arimlb_atlmlb_1,F,0,0,0,0,0,0,0,0,3,2,0
Pierzinskis Misspelled D-Bags,Miguel,Montero,471083,2014-07-07,2014_07_07_miamlb_arimlb_1,F,0,0,0,0,0,0,0,0,1,0,0
Pierzinskis Misspelled D-Bags,Miguel,Montero,471083,2014-07-09,2014_07_09_miamlb_arimlb_1,F,0,0,0,0,0,0,0,0,1,0,0
Pierzinskis Misspelled D-Bags,Miguel,Montero,471083,2014-07-11,2014_07_11_arimlb_sfnmlb_1,F,0,0,0,0,0,0,0,0,1,2,0
Pierzinskis Misspelled D-Bags,Miguel,Montero,471083,2014-07-12,2014_07_12_arimlb_sfnmlb_1,F,0,0,0,0,0,0,0,0,0,0,1
Pierzinskis Misspelled D-Bags,Joey,Votto,458015,2014-07-01,2014_07_01_cinmlb_sdnmlb_1,F,0,0,0,0,0,0,0,0,1,1,1
Pierzinskis Misspelled D-Bags,Joey,Votto,458015,2014-07-02,2014_07_02_cinmlb_sdnmlb_1,F,0,0,0,0,0,0,0,0,0,0,0
Pierzinskis Misspelled D-Bags,Joey,Votto,458015,2014-07-04,2014_07_04_milmlb_cinmlb_1,F,0,0,0,0,0,0,0,0,1,0,0
Pierzinskis Misspelled D-Bags,Joey,Votto,458015,2014-07-05,2014_07_05_milmlb_cinmlb_1,F,0,0,0,0,0,0,0,0,0,0,0
Pierzinskis Misspelled D-Bags,Clayton,Kershaw,477132,2014-07-04,2014_07_04_lanmlb_colmlb_1,F,1,1,0,0,1,0,0,0,0,0,0
Pierzinskis Misspelled D-Bags,Clayton,Kershaw,477132,2014-07-10,2014_07_10_sdnmlb_lanmlb_1,F,1,1,0,1,1,0,0,0,0,0,0
Pierzinskis Misspelled D-Bags,Trevor,Rosenthal,572096,2014-07-02,2014_07_02_slnmlb_sfnmlb_1,F,1,0,1,0,0,0,0,0,0,0,0
Pierzinskis Misspelled D-Bags,Trevor,Rosenthal,572096,2014-07-04,2014_07_04_miamlb_slnmlb_1,F,1,0,1,2,0,1,0,0,0,0,0
Pierzinskis Misspelled D-Bags,Trevor,Rosenthal,572096,2014-07-05,2014_07_05_miamlb_slnmlb_1,F,1,0,0,2,0,0,0,0,0,0,0
Pierzinskis Misspelled D-Bags,Trevor,Rosenthal,572096,2014-07-08,2014_07_08_pitmlb_slnmlb_1,F,1,1,0,0,0,0,0,0,0,0,0
Pierzinskis Misspelled D-Bags,Trevor,Rosenthal,572096,2014-07-09,2014_07_09_pitmlb_slnmlb_1,F,1,0,1,0,0,0,0,0,0,0,0
Pierzinskis Misspelled D-Bags,Trevor,Rosenthal,572096,2014-07-11,2014_07_11_slnmlb_milmlb_1,F,1,0,1,0,0,0,0,0,0,0,0
Pierzinskis Misspelled D-Bags,Mark,Melancon,453343,2014-07-02,2014_07_02_arimlb_pitmlb_1,F,1,0,0,0,0,0,0,0,0,0,0
Pierzinskis Misspelled D-Bags,Mark,Melancon,453343,2014-07-05,2014_07_05_phimlb_pitmlb_1,F,1,0,1,1,0,0,0,0,0,0,0
Pierzinskis Misspelled D-Bags,Mark,Melancon,453343,2014-07-12,2014_07_12_pitmlb_cinmlb_1,F,1,0,0,0,0,0,0,0,0,0,0
Pierzinskis Misspelled D-Bags,Jenrry,Mejia,516769,2014-07-02,2014_07_02_nynmlb_atlmlb_1,F,1,0,0,0,0,0,0,0,0,0,0
Pierzinskis Misspelled D-Bags,Jenrry,Mejia,516769,2014-07-04,2014_07_04_texmlb_nynmlb_1,F,1,1,0,0,0,0,0,0,0,0,0
Pierzinskis Misspelled D-Bags,Jenrry,Mejia,516769,2014-07-06,2014_07_06_texmlb_nynmlb_1,F,1,0,0,0,0,0,0,0,0,0,0
Pierzinskis Misspelled D-Bags,Jenrry,Mejia,516769,2014-07-07,2014_07_07_atlmlb_nynmlb_1,F,1,0,0,1,0,0,0,0,0,0,0
Pierzinskis Misspelled D-Bags,Jenrry,Mejia,516769,2014-07-09,2014_07_09_atlmlb_nynmlb_1,F,1,0,1,0,0,0,0,0,0,0,0
Pierzinskis Misspelled D-Bags,Jenrry,Mejia,516769,2014-07-12,2014_07_12_miamlb_nynmlb_1,F,1,0,1,0,0,0,0,0,0,0,0
Pierzinskis Misspelled D-Bags,Justin,Masterson,475416,2014-07-01,2014_07_01_clemlb_lanmlb_1,F,1,0,0,3,0,0,0,0,0,0,0
Pierzinskis Misspelled D-Bags,Justin,Masterson,475416,2014-07-07,2014_07_07_nyamlb_clemlb_1,F,1,0,0,5,0,1,0,0,0,0,0
Pierzinskis Misspelled D-Bags,Jason,Motte,435400,2014-07-01,2014_07_01_slnmlb_sfnmlb_1,F,1,0,0,0,0,0,0,0,0,0,0
Pierzinskis Misspelled D-Bags,Jason,Motte,435400,2014-07-03,2014_07_03_slnmlb_sfnmlb_1,F,1,0,0,0,0,0,0,0,0,0,0
Pierzinskis Misspelled D-Bags,Jason,Motte,435400,2014-07-06,2014_07_06_miamlb_slnmlb_1,F,1,0,0,4,0,0,0,0,0,0,0
Pierzinskis Misspelled D-Bags,Jason,Motte,435400,2014-07-10,2014_07_10_pitmlb_slnmlb_1,F,1,0,0,1,0,0,0,0,0,0,0
Pierzinskis Misspelled D-Bags,Jason,Motte,435400,2014-07-12,2014_07_12_slnmlb_milmlb_1,F,1,0,0,0,0,0,0,0,0,0,0
No-Talent Ass Clowns,Billy,Hamilton,571740,2014-07-01,2014_07_01_cinmlb_sdnmlb_1,F,0,0,0,0,0,0,0,1,2,0,0
No-Talent Ass Clowns,Billy,Hamilton,571740,2014-07-02,2014_07_02_cinmlb_sdnmlb_1,F,0,0,0,0,0,0,0,0,0,0,0
No-Talent Ass Clowns,Billy,Hamilton,571740,2014-07-04,2014_07_04_milmlb_cinmlb_1,F,0,0,0,0,0,0,1,0,1,0,0
No-Talent Ass Clowns,Billy,Hamilton,571740,2014-07-05,2014_07_05_milmlb_cinmlb_1,F,0,0,0,0,0,0,0,0,0,0,0
No-Talent Ass Clowns,Billy,Hamilton,571740,2014-07-06,2014_07_06_milmlb_cinmlb_1,F,0,0,0,0,0,0,0,0,0,1,0
No-Talent Ass Clowns,Billy,Hamilton,571740,2014-07-07,2014_07_07_chnmlb_cinmlb_1,F,0,0,0,0,0,0,0,0,2,0,1
No-Talent Ass Clowns,Billy,Hamilton,571740,2014-07-08,2014_07_08_chnmlb_cinmlb_1,F,0,0,0,0,0,0,0,2,2,0,0
No-Talent Ass Clowns,Billy,Hamilton,571740,2014-07-08,2014_07_08_chnmlb_cinmlb_2,F,0,0,0,0,0,0,0,0,2,0,1
No-Talent Ass Clowns,Billy,Hamilton,571740,2014-07-09,2014_07_09_chnmlb_cinmlb_1,F,0,0,0,0,0,0,0,0,1,0,1
No-Talent Ass Clowns,Billy,Hamilton,571740,2014-07-10,2014_07_10_chnmlb_cinmlb_1,F,0,0,0,0,0,0,0,0,0,0,0
No-Talent Ass Clowns,Billy,Hamilton,571740,2014-07-11,2014_07_11_pitmlb_cinmlb_1,F,0,0,0,0,0,0,0,0,3,0,0
No-Talent Ass Clowns,Billy,Hamilton,571740,2014-07-12,2014_07_12_pitmlb_cinmlb_1,F,0,0,0,0,0,0,0,1,1,0,0
No-Talent Ass Clowns,Hunter,Pence,452254,2014-07-01,2014_07_01_slnmlb_sfnmlb_1,F,0,0,0,0,0,0,0,0,2,0,0
No-Talent Ass Clowns,Hunter,Pence,452254,2014-07-02,2014_07_02_slnmlb_sfnmlb_1,F,0,0,0,0,0,0,0,0,1,0,0
No-Talent Ass Clowns,Hunter,Pence,452254,2014-07-03,2014_07_03_slnmlb_sfnmlb_1,F,0,0,0,0,0,0,0,0,1,0,0
No-Talent Ass Clowns,Hunter,Pence,452254,2014-07-04,2014_07_04_sfnmlb_sdnmlb_1,F,0,0,0,0,0,0,0,0,1,0,0
No-Talent Ass Clowns,Hunter,Pence,452254,2014-07-05,2014_07_05_sfnmlb_sdnmlb_1,F,0,0,0,0,0,0,0,0,2,0,1
No-Talent Ass Clowns,Hunter,Pence,452254,2014-07-06,2014_07_06_sfnmlb_sdnmlb_1,F,0,0,0,0,0,0,0,0,3,0,0
No-Talent Ass Clowns,Hunter,Pence,452254,2014-07-07,2014_07_07_sfnmlb_oakmlb_1,F,0,0,0,0,0,0,0,0,0,0,1
No-Talent Ass Clowns,Hunter,Pence,452254,2014-07-08,2014_07_08_sfnmlb_oakmlb_1,F,0,0,0,0,0,0,0,0,2,0,0
No-Talent Ass Clowns,Hunter,Pence,452254,2014-07-09,2014_07_09_oakmlb_sfnmlb_1,F,0,0,0,0,0,0,1,1,2,0,0
No-Talent Ass Clowns,Hunter,Pence,452254,2014-07-10,2014_07_10_oakmlb_sfnmlb_1,F,0,0,0,0,0,0,0,0,2,0,0
No-Talent Ass Clowns,Hunter,Pence,452254,2014-07-11,2014_07_11_arimlb_sfnmlb_1,F,0,0,0,0,0,0,0,0,1,0,0
No-Talent Ass Clowns,Hunter,Pence,452254,2014-07-12,2014_07_12_arimlb_sfnmlb_1,F,0,0,0,0,0,0,0,0,0,0,0
No-Talent Ass Clowns,Daniel,Murphy,502517,2014-07-01,2014_07_01_nynmlb_atlmlb_1,F,0,0,0,0,0,0,1,0,1,3,0
No-Talent Ass Clowns,Daniel,Murphy,502517,2014-07-02,2014_07_02_nynmlb_atlmlb_1,F,0,0,0,0,0,0,0,0,0,1,1
No-Talent Ass Clowns,Daniel,Murphy,502517,2014-07-04,2014_07_04_texmlb_nynmlb_1,F,0,0,0,0,0,0,0,0,0,3,0
No-Talent Ass Clowns,Daniel,Murphy,502517,2014-07-05,2014_07_05_texmlb_nynmlb_1,F,0,0,0,0,0,0,0,0,1,6,0
No-Talent Ass Clowns,Daniel,Murphy,502517,2014-07-06,2014_07_06_texmlb_nynmlb_1,F,0,0,0,0,0,0,0,0,1,0,0
No-Talent Ass Clowns,Daniel,Murphy,502517,2014-07-07,2014_07_07_atlmlb_nynmlb_1,F,0,0,0,0,0,0,0,0,1,0,0
No-Talent Ass Clowns,Daniel,Murphy,502517,2014-07-08,2014_07_08_atlmlb_nynmlb_1,F,0,0,0,0,0,0,0,0,2,3,0
No-Talent Ass Clowns,Daniel,Murphy,502517,2014-07-09,2014_07_09_atlmlb_nynmlb_1,F,0,0,0,0,0,0,0,0,2,3,0
No-Talent Ass Clowns,Daniel,Murphy,502517,2014-07-10,2014_07_10_atlmlb_nynmlb_1,F,0,0,0,0,0,0,0,0,1,0,1
No-Talent Ass Clowns,Daniel,Murphy,502517,2014-07-11,2014_07_11_miamlb_nynmlb_1,F,0,0,0,0,0,0,0,0,1,5,0
No-Talent Ass Clowns,Daniel,Murphy,502517,2014-07-12,2014_07_12_miamlb_nynmlb_1,F,0,0,0,0,0,0,0,0,0,4,0
No-Talent Ass Clowns,Pedro,Alvarez,476883,2014-07-01,2014_07_01_arimlb_pitmlb_1,F,0,0,0,0,0,0,0,0,0,6,0
No-Talent Ass Clowns,Pedro,Alvarez,476883,2014-07-02,2014_07_02_arimlb_pitmlb_1,F,0,0,0,0,0,0,0,0,1,2,0
No-Talent Ass Clowns,Pedro,Alvarez,476883,2014-07-03,2014_07_03_arimlb_pitmlb_1,F,0,0,0,0,0,0,0,0,1,2,0
No-Talent Ass Clowns,Pedro,Alvarez,476883,2014-07-04,2014_07_04_phimlb_pitmlb_1,F,0,0,0,0,0,0,0,0,0,0,0
No-Talent Ass Clowns,Pedro,Alvarez,476883,2014-07-05,2014_07_05_phimlb_pitmlb_1,F,0,0,0,0,0,0,0,0,1,3,0
No-Talent Ass Clowns,Pedro,Alvarez,476883,2014-07-06,2014_07_06_phimlb_pitmlb_1,F,0,0,0,0,0,0,0,0,0,6,1
No-Talent Ass Clowns,Pedro,Alvarez,476883,2014-07-07,2014_07_07_pitmlb_slnmlb_1,F,0,0,0,0,0,0,0,0,1,5,0
No-Talent Ass Clowns,Pedro,Alvarez,476883,2014-07-08,2014_07_08_pitmlb_slnmlb_1,F,0,0,0,0,0,0,1,0,1,2,0
No-Talent Ass Clowns,Pedro,Alvarez,476883,2014-07-09,2014_07_09_pitmlb_slnmlb_1,F,0,0,0,0,0,0,0,1,0,4,1
No-Talent Ass Clowns,Pedro,Alvarez,476883,2014-07-10,2014_07_10_pitmlb_slnmlb_1,F,0,0,0,0,0,0,0,0,2,0,0
No-Talent Ass Clowns,Pedro,Alvarez,476883,2014-07-11,2014_07_11_pitmlb_cinmlb_1,F,0,0,0,0,0,0,1,0,1,1,1
No-Talent Ass Clowns,Pedro,Alvarez,476883,2014-07-12,2014_07_12_pitmlb_cinmlb_1,F,0,0,0,0,0,0,0,0,0,4,1
No-Talent Ass Clowns,Buster,Posey,457763,2014-07-01,2014_07_01_slnmlb_sfnmlb_1,F,0,0,0,0,0,0,0,0,1,1,0
No-Talent Ass Clowns,Buster,Posey,457763,2014-07-02,2014_07_02_slnmlb_sfnmlb_1,F,0,0,0,0,0,0,0,0,0,0,0
No-Talent Ass Clowns,Buster,Posey,457763,2014-07-03,2014_07_03_slnmlb_sfnmlb_1,F,0,0,0,0,0,0,0,0,1,0,0
No-Talent Ass Clowns,Buster,Posey,457763,2014-07-04,2014_07_04_sfnmlb_sdnmlb_1,F,0,0,0,0,0,0,0,0,1,0,0
No-Talent Ass Clowns,Buster,Posey,457763,2014-07-05,2014_07_05_sfnmlb_sdnmlb_1,F,0,0,0,0,0,0,0,0,1,1,1
No-Talent Ass Clowns,Buster,Posey,457763,2014-07-07,2014_07_07_sfnmlb_oakmlb_1,F,0,0,0,0,0,0,0,0,1,0,1
No-Talent Ass Clowns,Buster,Posey,457763,2014-07-08,2014_07_08_sfnmlb_oakmlb_1,F,0,0,0,0,0,0,0,0,0,0,1
No-Talent Ass Clowns,Buster,Posey,457763,2014-07-09,2014_07_09_oakmlb_sfnmlb_1,F,0,0,0,0,0,0,0,0,1,1,0
No-Talent Ass Clowns,Buster,Posey,457763,2014-07-10,2014_07_10_oakmlb_sfnmlb_1,F,0,0,0,0,0,0,0,0,0,0,0
No-Talent Ass Clowns,Buster,Posey,457763,2014-07-12,2014_07_12_arimlb_sfnmlb_1,F,0,0,0,0,0,0,0,0,0,0,0
No-Talent Ass Clowns,Salvador,Perez,521692,2014-07-01,2014_07_01_kcamlb_minmlb_1,F,0,0,0,0,0,0,0,0,0,0,0
No-Talent Ass Clowns,Salvador,Perez,521692,2014-07-02,2014_07_02_kcamlb_minmlb_1,F,0,0,0,0,0,0,0,0,1,0,0
No-Talent Ass Clowns,Salvador,Perez,521692,2014-07-04,2014_07_04_kcamlb_clemlb_1,F,0,0,0,0,0,0,0,0,3,0,0
No-Talent Ass Clowns,Salvador,Perez,521692,2014-07-05,2014_07_05_kcamlb_clemlb_1,F,0,0,0,0,0,0,0,0,1,0,0
No-Talent Ass Clowns,Salvador,Perez,521692,2014-07-06,2014_07_06_kcamlb_clemlb_1,F,0,0,0,0,0,0,0,0,0,0,0
No-Talent Ass Clowns,Salvador,Perez,521692,2014-07-07,2014_07_07_kcamlb_tbamlb_1,F,0,0,0,0,0,0,0,0,1,2,0
No-Talent Ass Clowns,Salvador,Perez,521692,2014-07-08,2014_07_08_kcamlb_tbamlb_1,F,0,0,0,0,0,0,0,0,1,0,0
No-Talent Ass Clowns,Salvador,Perez,521692,2014-07-09,2014_07_09_kcamlb_tbamlb_1,F,0,0,0,0,0,0,1,0,2,1,0
No-Talent Ass Clowns,Salvador,Perez,521692,2014-07-10,2014_07_10_detmlb_kcamlb_1,F,0,0,0,0,0,0,0,0,0,0,0
No-Talent Ass Clowns,Salvador,Perez,521692,2014-07-11,2014_07_11_detmlb_kcamlb_1,F,0,0,0,0,0,0,0,0,2,0,0
No-Talent Ass Clowns,Salvador,Perez,521692,2014-07-12,2014_07_12_detmlb_kcamlb_1,F,0,0,0,0,0,0,0,0,1,2,0
No-Talent Ass Clowns,Jhonny,Peralta,425509,2014-07-01,2014_07_01_slnmlb_sfnmlb_1,F,0,0,0,0,0,0,0,0,1,4,0
No-Talent Ass Clowns,Jhonny,Peralta,425509,2014-07-02,2014_07_02_slnmlb_sfnmlb_1,F,0,0,0,0,0,0,0,0,0,6,1
No-Talent Ass Clowns,Jhonny,Peralta,425509,2014-07-03,2014_07_03_slnmlb_sfnmlb_1,F,0,0,0,0,0,0,1,0,2,1,0
No-Talent Ass Clowns,Jhonny,Peralta,425509,2014-07-04,2014_07_04_miamlb_slnmlb_1,F,0,0,0,0,0,0,0,0,0,2,0
No-Talent Ass Clowns,Jhonny,Peralta,425509,2014-07-05,2014_07_05_miamlb_slnmlb_1,F,0,0,0,0,0,0,1,0,2,1,0
No-Talent Ass Clowns,Jhonny,Peralta,425509,2014-07-07,2014_07_07_pitmlb_slnmlb_1,F,0,0,0,0,0,0,0,0,0,4,0
No-Talent Ass Clowns,Jhonny,Peralta,425509,2014-07-08,2014_07_08_pitmlb_slnmlb_1,F,0,0,0,0,0,0,0,0,2,1,0
No-Talent Ass Clowns,Jhonny,Peralta,425509,2014-07-09,2014_07_09_pitmlb_slnmlb_1,F,0,0,0,0,0,0,0,0,1,1,0
No-Talent Ass Clowns,Jhonny,Peralta,425509,2014-07-10,2014_07_10_pitmlb_slnmlb_1,F,0,0,0,0,0,0,0,0,1,0,1
No-Talent Ass Clowns,Jhonny,Peralta,425509,2014-07-11,2014_07_11_slnmlb_milmlb_1,F,0,0,0,0,0,0,1,0,3,3,0
No-Talent Ass Clowns,Jhonny,Peralta,425509,2014-07-12,2014_07_12_slnmlb_milmlb_1,F,0,0,0,0,0,0,0,0,2,2,0
No-Talent Ass Clowns,Brandon,Phillips,408252,2014-07-01,2014_07_01_cinmlb_sdnmlb_1,F,0,0,0,0,0,0,0,0,1,2,0
No-Talent Ass Clowns,Brandon,Phillips,408252,2014-07-02,2014_07_02_cinmlb_sdnmlb_1,F,0,0,0,0,0,0,0,0,0,2,0
No-Talent Ass Clowns,Brandon,Phillips,408252,2014-07-04,2014_07_04_milmlb_cinmlb_1,F,0,0,0,0,0,0,0,0,1,3,1
No-Talent Ass Clowns,Brandon,Phillips,408252,2014-07-05,2014_07_05_milmlb_cinmlb_1,F,0,0,0,0,0,0,0,0,1,5,1
No-Talent Ass Clowns,Brandon,Phillips,408252,2014-07-06,2014_07_06_milmlb_cinmlb_1,F,0,0,0,0,0,0,0,0,2,3,1
No-Talent Ass Clowns,Brandon,Phillips,408252,2014-07-07,2014_07_07_chnmlb_cinmlb_1,F,0,0,0,0,0,0,0,0,0,0,1
No-Talent Ass Clowns,Brandon,Phillips,408252,2014-07-08,2014_07_08_chnmlb_cinmlb_1,F,0,0,0,0,0,0,0,0,1,3,0
No-Talent Ass Clowns,Brandon,Phillips,408252,2014-07-08,2014_07_08_chnmlb_cinmlb_2,F,0,0,0,0,0,0,0,0,1,1,0
No-Talent Ass Clowns,Brandon,Phillips,408252,2014-07-09,2014_07_09_chnmlb_cinmlb_1,F,0,0,0,0,0,0,0,0,2,2,0
No-Talent Ass Clowns,Martin,Prado,445988,2014-07-01,2014_07_01_arimlb_pitmlb_1,F,0,0,0,0,0,0,0,0,1,3,0
No-Talent Ass Clowns,Martin,Prado,445988,2014-07-02,2014_07_02_arimlb_pitmlb_1,F,0,0,0,0,0,0,0,0,1,1,0
No-Talent Ass Clowns,Martin,Prado,445988,2014-07-03,2014_07_03_arimlb_pitmlb_1,F,0,0,0,0,0,0,0,0,1,0,0
No-Talent Ass Clowns,Martin,Prado,445988,2014-07-04,2014_07_04_arimlb_atlmlb_1,F,0,0,0,0,0,0,0,0,1,2,1
No-Talent Ass Clowns,Martin,Prado,445988,2014-07-05,2014_07_05_arimlb_atlmlb_1,F,0,0,0,0,0,0,0,0,1,2,0
No-Talent Ass Clowns,Martin,Prado,445988,2014-07-06,2014_07_06_arimlb_atlmlb_1,F,0,0,0,0,0,0,0,1,1,1,0
No-Talent Ass Clowns,Martin,Prado,445988,2014-07-07,2014_07_07_miamlb_arimlb_1,F,0,0,0,0,0,0,1,0,1,2,0
No-Talent Ass Clowns,Martin,Prado,445988,2014-07-08,2014_07_08_miamlb_arimlb_1,F,0,0,0,0,0,0,0,0,2,2,1
No-Talent Ass Clowns,Martin,Prado,445988,2014-07-09,2014_07_09_miamlb_arimlb_1,F,0,0,0,0,0,0,0,0,1,1,0
No-Talent Ass Clowns,Martin,Prado,445988,2014-07-11,2014_07_11_arimlb_sfnmlb_1,F,0,0,0,0,0,0,0,0,1,2,1
No-Talent Ass Clowns,Martin,Prado,445988,2014-07-12,2014_07_12_arimlb_sfnmlb_1,F,0,0,0,0,0,0,0,0,0,3,0
No-Talent Ass Clowns,Madison,Bumgarner,518516,2014-07-03,2014_07_03_slnmlb_sfnmlb_1,F,1,0,0,4,0,1,0,0,0,0,0
No-Talent Ass Clowns,Madison,Bumgarner,518516,2014-07-08,2014_07_08_sfnmlb_oakmlb_1,F,1,0,0,6,0,0,0,0,0,0,0
No-Talent Ass Clowns,Stephen,Strasburg,544931,2014-07-01,2014_07_01_colmlb_wasmlb_1,F,1,1,0,1,1,1,0,0,0,0,0
No-Talent Ass Clowns,Stephen,Strasburg,544931,2014-07-07,2014_07_07_balmlb_wasmlb_1,F,1,0,0,2,1,0,0,0,0,0,0
No-Talent Ass Clowns,Stephen,Strasburg,544931,2014-07-12,2014_07_12_wasmlb_phimlb_1,F,1,0,0,2,0,0,0,0,0,0,0
No-Talent Ass Clowns,Jonathan,Papelbon,449097,2014-07-03,2014_07_03_phimlb_miamlb_1,F,1,0,1,0,0,0,0,0,0,0,0
No-Talent Ass Clowns,Jonathan,Papelbon,449097,2014-07-07,2014_07_07_phimlb_milmlb_1,F,1,0,1,0,0,0,0,0,0,0,0
No-Talent Ass Clowns,Jonathan,Papelbon,449097,2014-07-08,2014_07_08_phimlb_milmlb_1,F,1,0,1,0,0,0,0,0,0,0,0
No-Talent Ass Clowns,Jonathan,Papelbon,449097,2014-07-09,2014_07_09_phimlb_milmlb_1,F,1,0,1,0,0,0,0,0,0,0,0
No-Talent Ass Clowns,Jonathan,Papelbon,449097,2014-07-12,2014_07_12_wasmlb_phimlb_1,F,1,0,0,0,0,0,0,0,0,0,0
No-Talent Ass Clowns,Rick,Porcello,519144,2014-07-01,2014_07_01_oakmlb_detmlb_1,F,1,1,0,0,1,0,0,0,0,0,0
No-Talent Ass Clowns,Rick,Porcello,519144,2014-07-06,2014_07_06_tbamlb_detmlb_1,F,1,0,0,7,0,1,0,0,0,0,0
No-Talent Ass Clowns,Rick,Porcello,519144,2014-07-12,2014_07_12_detmlb_kcamlb_1,F,1,1,0,1,1,2,0,0,0,0,0
No-Talent Ass Clowns,Glen,Perkins,450282,2014-07-02,2014_07_02_kcamlb_minmlb_1,F,1,0,0,1,0,0,0,0,0,0,0
No-Talent Ass Clowns,Glen,Perkins,450282,2014-07-04,2014_07_04_nyamlb_minmlb_1,F,1,0,0,0,0,0,0,0,0,0,0
No-Talent Ass Clowns,Glen,Perkins,450282,2014-07-05,2014_07_05_nyamlb_minmlb_1,F,1,0,0,0,0,0,0,0,0,0,0
No-Talent Ass Clowns,Glen,Perkins,450282,2014-07-08,2014_07_08_minmlb_seamlb_1,F,1,0,1,0,0,0,0,0,0,0,0
No-Talent Ass Clowns,Glen,Perkins,450282,2014-07-10,2014_07_10_minmlb_seamlb_1,F,1,0,1,0,0,0,0,0,0,0,0
No-Talent Ass Clowns,John,Lackey,407793,2014-07-05,2014_07_05_balmlb_bosmlb_2,F,1,0,0,5,0,0,0,0,0,0,0
No-Talent Ass Clowns,John,Lackey,407793,2014-07-11,2014_07_11_bosmlb_houmlb_1,F,1,1,0,2,1,0,0,0,0,0,0
Portlandia Misfits,Edwin,Encarnacion,429665,2014-07-01,2014_07_01_milmlb_tormlb_1,F,0,0,0,0,0,0,0,0,1,0,1
Portlandia Misfits,Edwin,Encarnacion,429665,2014-07-02,2014_07_02_milmlb_tormlb_1,F,0,0,0,0,0,0,1,0,2,0,1
Portlandia Misfits,Edwin,Encarnacion,429665,2014-07-03,2014_07_03_tormlb_oakmlb_1,F,0,0,0,0,0,0,0,0,1,0,0
Portlandia Misfits,Edwin,Encarnacion,429665,2014-07-04,2014_07_04_tormlb_oakmlb_1,F,0,0,0,0,0,0,0,0,0,0,2
Portlandia Misfits,Edwin,Encarnacion,429665,2014-07-05,2014_07_05_tormlb_oakmlb_1,F,0,0,0,0,0,0,0,0,0,0,0
Portlandia Misfits,Troy,Tulowitzki,453064,2014-07-02,2014_07_02_colmlb_wasmlb_1,F,0,0,0,0,0,0,0,0,1,3,0
Portlandia Misfits,Troy,Tulowitzki,453064,2014-07-03,2014_07_03_lanmlb_colmlb_1,F,0,0,0,0,0,0,0,0,1,7,0
Portlandia Misfits,Troy,Tulowitzki,453064,2014-07-06,2014_07_06_lanmlb_colmlb_1,F,0,0,0,0,0,0,0,0,1,5,1
Portlandia Misfits,Troy,Tulowitzki,453064,2014-07-07,2014_07_07_sdnmlb_colmlb_1,F,0,0,0,0,0,0,0,0,1,1,1
Portlandia Misfits,Troy,Tulowitzki,453064,2014-07-08,2014_07_08_sdnmlb_colmlb_1,F,0,0,0,0,0,0,0,0,1,3,0
Portlandia Misfits,Troy,Tulowitzki,453064,2014-07-09,2014_07_09_sdnmlb_colmlb_1,F,0,0,0,0,0,0,2,0,2,1,0
Portlandia Misfits,Troy,Tulowitzki,453064,2014-07-11,2014_07_11_minmlb_colmlb_1,F,0,0,0,0,0,0,1,0,1,3,0
Portlandia Misfits,Troy,Tulowitzki,453064,2014-07-12,2014_07_12_minmlb_colmlb_1,F,0,0,0,0,0,0,0,0,0,1,0
Portlandia Misfits,Yasiel,Puig,624577,2014-07-01,2014_07_01_clemlb_lanmlb_1,F,0,0,0,0,0,0,0,0,2,0,0
Portlandia Misfits,Yasiel,Puig,624577,2014-07-02,2014_07_02_clemlb_lanmlb_1,F,0,0,0,0,0,0,0,0,1,0,0
Portlandia Misfits,Yasiel,Puig,624577,2014-07-03,2014_07_03_lanmlb_colmlb_1,F,0,0,0,0,0,0,0,0,0,0,0
Portlandia Misfits,Yasiel,Puig,624577,2014-07-04,2014_07_04_lanmlb_colmlb_1,F,0,0,0,0,0,0,1,0,1,0,0
Portlandia Misfits,Yasiel,Puig,624577,2014-07-05,2014_07_05_lanmlb_colmlb_1,F,0,0,0,0,0,0,0,0,2,1,0
Portlandia Misfits,Yasiel,Puig,624577,2014-07-06,2014_07_06_lanmlb_colmlb_1,F,0,0,0,0,0,0,0,0,1,0,1
Portlandia Misfits,Yasiel,Puig,624577,2014-07-08,2014_07_08_lanmlb_detmlb_1,F,0,0,0,0,0,0,0,0,0,0,1
Portlandia Misfits,Yasiel,Puig,624577,2014-07-09,2014_07_09_lanmlb_detmlb_1,F,0,0,0,0,0,0,0,0,2,0,0
Portlandia Misfits,Yasiel,Puig,624577,2014-07-10,2014_07_10_sdnmlb_lanmlb_1,F,0,0,0,0,0,0,0,0,1,0,0
Portlandia Misfits,Yasiel,Puig,624577,2014-07-11,2014_07_11_sdnmlb_lanmlb_1,F,0,0,0,0,0,0,0,0,2,1,1
Portlandia Misfits,Yasiel,Puig,624577,2014-07-12,2014_07_12_sdnmlb_lanmlb_1,F,0,0,0,0,0,0,0,0,0,0,0
Portlandia Misfits,Jacoby,Ellsbury,453056,2014-07-01,2014_07_01_tbamlb_nyamlb_1,F,0,0,0,0,0,0,0,0,1,0,0
Portlandia Misfits,Jacoby,Ellsbury,453056,2014-07-03,2014_07_03_nyamlb_minmlb_1,F,0,0,0,0,0,0,0,0,0,0,0
Portlandia Misfits,Jacoby,Ellsbury,453056,2014-07-04,2014_07_04_nyamlb_minmlb_1,F,0,0,0,0,0,0,0,0,1,0,0
Portlandia Misfits,Jacoby,Ellsbury,453056,2014-07-05,2014_07_05_nyamlb_minmlb_1,F,0,0,0,0,0,0,0,0,1,0,0
Portlandia Misfits,Jacoby,Ellsbury,453056,2014-07-06,2014_07_06_nyamlb_minmlb_1,F,0,0,0,0,0,0,1,0,2,0,0
Portlandia Misfits,Jacoby,Ellsbury,453056,2014-07-07,2014_07_07_nyamlb_clemlb_1,F,0,0,0,0,0,0,0,0,0,0,0
Portlandia Misfits,Jacoby,Ellsbury,453056,2014-07-08,2014_07_08_nyamlb_clemlb_1,F,0,0,0,0,0,0,0,2,1,0,0
Portlandia Misfits,Jacoby,Ellsbury,453056,2014-07-09,2014_07_09_nyamlb_clemlb_1,F,0,0,0,0,0,0,1,0,3,0,0
Portlandia Misfits,Jacoby,Ellsbury,453056,2014-07-10,2014_07_10_nyamlb_clemlb_1,F,0,0,0,0,0,0,0,0,2,0,0
Portlandia Misfits,Jacoby,Ellsbury,453056,2014-07-11,2014_07_11_nyamlb_balmlb_1,F,0,0,0,0,0,0,0,0,1,0,0
Portlandia Misfits,Jacoby,Ellsbury,453056,2014-07-12,2014_07_12_nyamlb_balmlb_1,F,0,0,0,0,0,0,0,0,1,0,1
Portlandia Misfits,Adrian,Beltre,134181,2014-07-01,2014_07_01_texmlb_balmlb_1,F,0,0,0,0,0,0,0,0,1,2,0
Portlandia Misfits,Adrian,Beltre,134181,2014-07-02,2014_07_02_texmlb_balmlb_1,F,0,0,0,0,0,0,0,0,2,4,0
Portlandia Misfits,Adrian,Beltre,134181,2014-07-03,2014_07_03_texmlb_balmlb_1,F,0,0,0,0,0,0,0,0,1,1,1
Portlandia Misfits,Adrian,Beltre,134181,2014-07-04,2014_07_04_texmlb_nynmlb_1,F,0,0,0,0,0,0,1,0,2,0,0
Portlandia Misfits,Adrian,Beltre,134181,2014-07-05,2014_07_05_texmlb_nynmlb_1,F,0,0,0,0,0,0,1,0,1,1,0
Portlandia Misfits,Adrian,Beltre,134181,2014-07-06,2014_07_06_texmlb_nynmlb_1,F,0,0,0,0,0,0,0,0,1,1,0
Portlandia Misfits,Adrian,Beltre,134181,2014-07-07,2014_07_07_houmlb_texmlb_1,F,0,0,0,0,0,0,1,0,2,1,0
Portlandia Misfits,Adrian,Beltre,134181,2014-07-08,2014_07_08_houmlb_texmlb_1,F,0,0,0,0,0,0,0,0,1,1,0
Portlandia Misfits,Adrian,Beltre,134181,2014-07-09,2014_07_09_houmlb_texmlb_1,F,0,0,0,0,0,0,0,0,2,0,0
Portlandia Misfits,Adrian,Beltre,134181,2014-07-10,2014_07_10_anamlb_texmlb_1,F,0,0,0,0,0,0,1,0,3,3,0
Portlandia Misfits,Adrian,Beltre,134181,2014-07-11,2014_07_11_anamlb_texmlb_1,F,0,0,0,0,0,0,0,0,1,3,1
Portlandia Misfits,Adrian,Beltre,134181,2014-07-12,2014_07_12_anamlb_texmlb_1,F,0,0,0,0,0,0,0,0,0,2,1
Portlandia Misfits,Alcides,Escobar,444876,2014-07-01,2014_07_01_kcamlb_minmlb_1,F,0,0,0,0,0,0,0,0,1,2,0
Portlandia Misfits,Alcides,Escobar,444876,2014-07-02,2014_07_02_kcamlb_minmlb_1,F,0,0,0,0,0,0,0,0,1,3,0
Portlandia Misfits,Alcides,Escobar,444876,2014-07-04,2014_07_04_kcamlb_clemlb_1,F,0,0,0,0,0,0,0,0,1,2,0
Portlandia Misfits,Alcides,Escobar,444876,2014-07-05,2014_07_05_kcamlb_clemlb_1,F,0,0,0,0,0,0,0,1,1,4,0
Portlandia Misfits,Alcides,Escobar,444876,2014-07-06,2014_07_06_kcamlb_clemlb_1,F,0,0,0,0,0,0,0,0,0,1,0
Portlandia Misfits,Alcides,Escobar,444876,2014-07-07,2014_07_07_kcamlb_tbamlb_1,F,0,0,0,0,0,0,0,0,1,3,0
Portlandia Misfits,Alcides,Escobar,444876,2014-07-08,2014_07_08_kcamlb_tbamlb_1,F,0,0,0,0,0,0,0,0,0,2,0
Portlandia Misfits,Alcides,Escobar,444876,2014-07-09,2014_07_09_kcamlb_tbamlb_1,F,0,0,0,0,0,0,0,0,0,2,0
Portlandia Misfits,Alcides,Escobar,444876,2014-07-10,2014_07_10_detmlb_kcamlb_1,F,0,0,0,0,0,0,0,1,1,2,0
Portlandia Misfits,Alcides,Escobar,444876,2014-07-11,2014_07_11_detmlb_kcamlb_1,F,0,0,0,0,0,0,0,0,1,1,0
Portlandia Misfits,Alcides,Escobar,444876,2014-07-12,2014_07_12_detmlb_kcamlb_1,F,0,0,0,0,0,0,0,0,0,5,0
Portlandia Misfits,Jay,Bruce,457803,2014-07-01,2014_07_01_cinmlb_sdnmlb_1,F,0,0,0,0,0,0,0,0,0,0,0
Portlandia Misfits,Jay,Bruce,457803,2014-07-02,2014_07_02_cinmlb_sdnmlb_1,F,0,0,0,0,0,0,0,0,0,0,0
Portlandia Misfits,Jay,Bruce,457803,2014-07-04,2014_07_04_milmlb_cinmlb_1,F,0,0,0,0,0,0,0,0,0,0,0
Portlandia Misfits,Jay,Bruce,457803,2014-07-05,2014_07_05_milmlb_cinmlb_1,F,0,0,0,0,0,0,0,0,0,2,0
Portlandia Misfits,Jay,Bruce,457803,2014-07-06,2014_07_06_milmlb_cinmlb_1,F,0,0,0,0,0,0,1,0,1,0,0
Portlandia Misfits,Jay,Bruce,457803,2014-07-07,2014_07_07_chnmlb_cinmlb_1,F,0,0,0,0,0,0,1,0,2,0,0
Portlandia Misfits,Jay,Bruce,457803,2014-07-08,2014_07_08_chnmlb_cinmlb_1,F,0,0,0,0,0,0,1,0,1,0,0
Portlandia Misfits,Jay,Bruce,457803,2014-07-08,2014_07_08_chnmlb_cinmlb_2,F,0,0,0,0,0,0,0,0,1,0,0
Portlandia Misfits,Jay,Bruce,457803,2014-07-09,2014_07_09_chnmlb_cinmlb_1,F,0,0,0,0,0,0,0,0,1,0,1
Portlandia Misfits,Jay,Bruce,457803,2014-07-10,2014_07_10_chnmlb_cinmlb_1,F,0,0,0,0,0,0,0,0,0,0,0
Portlandia Misfits,Jay,Bruce,457803,2014-07-11,2014_07_11_pitmlb_cinmlb_1,F,0,0,0,0,0,0,0,0,0,0,0
Portlandia Misfits,Jay,Bruce,457803,2014-07-12,2014_07_12_pitmlb_cinmlb_1,F,0,0,0,0,0,0,0,0,2,0,0
Portlandia Misfits,Yadier,Molina,425877,2014-07-01,2014_07_01_slnmlb_sfnmlb_1,F,0,0,0,0,0,0,0,0,1,0,0
Portlandia Misfits,Yadier,Molina,425877,2014-07-02,2014_07_02_slnmlb_sfnmlb_1,F,0,0,0,0,0,0,0,0,1,0,0
Portlandia Misfits,Yadier,Molina,425877,2014-07-03,2014_07_03_slnmlb_sfnmlb_1,F,0,0,0,0,0,0,0,0,3,0,1
Portlandia Misfits,Yadier,Molina,425877,2014-07-04,2014_07_04_miamlb_slnmlb_1,F,0,0,0,0,0,0,0,0,2,1,1
Portlandia Misfits,Yadier,Molina,425877,2014-07-05,2014_07_05_miamlb_slnmlb_1,F,0,0,0,0,0,0,0,0,2,0,0
Portlandia Misfits,Yadier,Molina,425877,2014-07-06,2014_07_06_miamlb_slnmlb_1,F,0,0,0,0,0,0,0,0,0,0,0
Portlandia Misfits,Yadier,Molina,425877,2014-07-07,2014_07_07_pitmlb_slnmlb_1,F,0,0,0,0,0,0,0,0,0,0,0
Portlandia Misfits,Yadier,Molina,425877,2014-07-08,2014_07_08_pitmlb_slnmlb_1,F,0,0,0,0,0,0,0,0,0,1,0
Portlandia Misfits,Yadier,Molina,425877,2014-07-09,2014_07_09_pitmlb_slnmlb_1,F,0,0,0,0,0,0,0,0,1,0,0
Portlandia Misfits,Francisco,Rodriguez,408061,2014-07-08,2014_07_08_phimlb_milmlb_1,F,1,0,0,0,0,0,0,0,0,0,0
Portlandia Misfits,Francisco,Rodriguez,408061,2014-07-11,2014_07_11_slnmlb_milmlb_1,F,1,0,0,1,0,0,0,0,0,0,0
Portlandia Misfits,Sonny,Gray,543243,2014-07-03,2014_07_03_tormlb_oakmlb_1,F,1,1,0,1,1,2,0,0,0,0,0
Portlandia Misfits,Sonny,Gray,543243,2014-07-08,2014_07_08_sfnmlb_oakmlb_1,F,1,1,0,1,1,0,0,0,0,0,0
Portlandia Misfits,Mark,Buehrle,279824,2014-07-05,2014_07_05_tormlb_oakmlb_1,F,1,0,0,3,1,0,0,0,0,0,0
Portlandia Misfits,Mark,Buehrle,279824,2014-07-11,2014_07_11_tormlb_tbamlb_1,F,1,0,0,2,0,1,0,0,0,0,0
Portlandia Misfits,Dallas,Keuchel,572971,2014-07-04,2014_07_04_houmlb_anamlb_1,F,1,0,0,5,0,2,0,0,0,0,0
Portlandia Misfits,Dallas,Keuchel,572971,2014-07-09,2014_07_09_houmlb_texmlb_1,F,1,1,0,4,0,1,0,0,0,0,0
Portlandia Misfits,Jordan,Zimmermann,519455,2014-07-06,2014_07_06_chnmlb_wasmlb_1,F,1,0,0,0,1,0,0,0,0,0,0
Portlandia Misfits,Jordan,Zimmermann,519455,2014-07-11,2014_07_11_wasmlb_phimlb_1,F,1,0,0,4,0,0,0,0,0,0,0
Portlandia Misfits,Homer,Bailey,456701,2014-07-05,2014_07_05_milmlb_cinmlb_1,F,1,0,0,1,1,1,0,0,0,0,0
Portlandia Misfits,Homer,Bailey,456701,2014-07-10,2014_07_10_chnmlb_cinmlb_1,F,1,0,0,3,0,0,0,0,0,0,0
The Rube,Miguel,Cabrera,408234,2014-07-01,2014_07_01_oakmlb_detmlb_1,F,0,0,0,0,0,0,0,0,0,1,1
The Rube,Miguel,Cabrera,408234,2014-07-02,2014_07_02_oakmlb_detmlb_1,F,0,0,0,0,0,0,0,0,1,0,2
The Rube,Miguel,Cabrera,408234,2014-07-03,2014_07_03_tbamlb_detmlb_1,F,0,0,0,0,0,0,0,0,3,1,1
The Rube,Miguel,Cabrera,408234,2014-07-04,2014_07_04_tbamlb_detmlb_1,F,0,0,0,0,0,0,0,0,0,1,1
The Rube,Miguel,Cabrera,408234,2014-07-05,2014_07_05_tbamlb_detmlb_1,F,0,0,0,0,0,0,0,0,0,1,1
The Rube,Miguel,Cabrera,408234,2014-07-06,2014_07_06_tbamlb_detmlb_1,F,0,0,0,0,0,0,0,0,0,3,0
The Rube,Miguel,Cabrera,408234,2014-07-08,2014_07_08_lanmlb_detmlb_1,F,0,0,0,0,0,0,0,0,3,0,0
The Rube,Miguel,Cabrera,408234,2014-07-10,2014_07_10_detmlb_kcamlb_1,F,0,0,0,0,0,0,0,0,2,0,2
The Rube,Miguel,Cabrera,408234,2014-07-11,2014_07_11_detmlb_kcamlb_1,F,0,0,0,0,0,0,0,0,0,0,0
The Rube,Miguel,Cabrera,408234,2014-07-12,2014_07_12_detmlb_kcamlb_1,F,0,0,0,0,0,0,0,0,0,0,0
The Rube,Robinson,Cano,429664,2014-07-01,2014_07_01_seamlb_houmlb_1,F,0,0,0,0,0,0,0,0,2,1,0
The Rube,Robinson,Cano,429664,2014-07-02,2014_07_02_seamlb_houmlb_1,F,0,0,0,0,0,0,0,0,1,1,1
The Rube,Robinson,Cano,429664,2014-07-04,2014_07_04_seamlb_chamlb_1,F,0,0,0,0,0,0,0,0,1,2,0
The Rube,Robinson,Cano,429664,2014-07-05,2014_07_05_seamlb_chamlb_1,F,0,0,0,0,0,0,0,1,2,3,1
The Rube,Robinson,Cano,429664,2014-07-06,2014_07_06_seamlb_chamlb_1,F,0,0,0,0,0,0,0,1,0,2,1
The Rube,Robinson,Cano,429664,2014-07-07,2014_07_07_minmlb_seamlb_1,F,0,0,0,0,0,0,0,0,1,3,1
The Rube,Robinson,Cano,429664,2014-07-08,2014_07_08_minmlb_seamlb_1,F,0,0,0,0,0,0,0,0,1,2,0
The Rube,Robinson,Cano,429664,2014-07-09,2014_07_09_minmlb_seamlb_1,F,0,0,0,0,0,0,0,0,3,1,0
The Rube,Robinson,Cano,429664,2014-07-10,2014_07_10_minmlb_seamlb_1,F,0,0,0,0,0,0,0,0,3,8,0
The Rube,Robinson,Cano,429664,2014-07-11,2014_07_11_oakmlb_seamlb_1,F,0,0,0,0,0,0,0,0,2,2,0
The Rube,Robinson,Cano,429664,2014-07-12,2014_07_12_oakmlb_seamlb_1,F,0,0,0,0,0,0,1,0,3,2,0
The Rube,Melky,Cabrera,466320,2014-07-01,2014_07_01_milmlb_tormlb_1,F,0,0,0,0,0,0,0,0,1,0,0
The Rube,Melky,Cabrera,466320,2014-07-02,2014_07_02_milmlb_tormlb_1,F,0,0,0,0,0,0,0,0,2,0,1
The Rube,Melky,Cabrera,466320,2014-07-03,2014_07_03_tormlb_oakmlb_1,F,0,0,0,0,0,0,0,0,0,0,1
The Rube,Melky,Cabrera,466320,2014-07-04,2014_07_04_tormlb_oakmlb_1,F,0,0,0,0,0,0,0,0,1,0,0
The Rube,Melky,Cabrera,466320,2014-07-05,2014_07_05_tormlb_oakmlb_1,F,0,0,0,0,0,0,0,0,2,0,0
The Rube,Melky,Cabrera,466320,2014-07-06,2014_07_06_tormlb_oakmlb_1,F,0,0,0,0,0,0,0,0,1,0,0
The Rube,Melky,Cabrera,466320,2014-07-07,2014_07_07_tormlb_anamlb_1,F,0,0,0,0,0,0,0,0,2,0,0
The Rube,Melky,Cabrera,466320,2014-07-08,2014_07_08_tormlb_anamlb_1,F,0,0,0,0,0,0,0,0,1,1,0
The Rube,Melky,Cabrera,466320,2014-07-09,2014_07_09_tormlb_anamlb_1,F,0,0,0,0,0,0,0,0,1,1,2
The Rube,Melky,Cabrera,466320,2014-07-11,2014_07_11_tormlb_tbamlb_1,F,0,0,0,0,0,0,0,0,2,0,1
The Rube,Melky,Cabrera,466320,2014-07-12,2014_07_12_tormlb_tbamlb_1,F,0,0,0,0,0,0,0,0,0,0,0
The Rube,Yoenis,Cespedes,493316,2014-07-02,2014_07_02_oakmlb_detmlb_1,F,0,0,0,0,0,0,0,0,1,0,0
The Rube,Yoenis,Cespedes,493316,2014-07-03,2014_07_03_tormlb_oakmlb_1,F,0,0,0,0,0,0,0,0,0,0,0
The Rube,Yoenis,Cespedes,493316,2014-07-04,2014_07_04_tormlb_oakmlb_1,F,0,0,0,0,0,0,0,0,0,0,1
The Rube,Yoenis,Cespedes,493316,2014-07-05,2014_07_05_tormlb_oakmlb_1,F,0,0,0,0,0,0,0,0,0,0,0
The Rube,Yoenis,Cespedes,493316,2014-07-06,2014_07_06_tormlb_oakmlb_1,F,0,0,0,0,0,0,0,0,1,0,0
The Rube,Yoenis,Cespedes,493316,2014-07-07,2014_07_07_sfnmlb_oakmlb_1,F,0,0,0,0,0,0,0,0,0,0,0
The Rube,Yoenis,Cespedes,493316,2014-07-08,2014_07_08_sfnmlb_oakmlb_1,F,0,0,0,0,0,0,0,0,1,0,1
The Rube,Yoenis,Cespedes,493316,2014-07-09,2014_07_09_oakmlb_sfnmlb_1,F,0,0,0,0,0,0,0,0,0,0,0
The Rube,Yoenis,Cespedes,493316,2014-07-10,2014_07_10_oakmlb_sfnmlb_1,F,0,0,0,0,0,0,0,0,0,0,0
The Rube,Yoenis,Cespedes,493316,2014-07-11,2014_07_11_oakmlb_seamlb_1,F,0,0,0,0,0,0,0,0,0,0,0
The Rube,Yoenis,Cespedes,493316,2014-07-12,2014_07_12_oakmlb_seamlb_1,F,0,0,0,0,0,0,0,0,0,1,0
The Rube,Matt,Carpenter,572761,2014-07-01,2014_07_01_slnmlb_sfnmlb_1,F,0,0,0,0,0,0,0,0,1,2,1
The Rube,Matt,Carpenter,572761,2014-07-02,2014_07_02_slnmlb_sfnmlb_1,F,0,0,0,0,0,0,0,0,3,3,0
The Rube,Matt,Carpenter,572761,2014-07-03,2014_07_03_slnmlb_sfnmlb_1,F,0,0,0,0,0,0,0,0,2,4,1
The Rube,Matt,Carpenter,572761,2014-07-04,2014_07_04_miamlb_slnmlb_1,F,0,0,0,0,0,0,0,0,1,4,0
The Rube,Matt,Carpenter,572761,2014-07-05,2014_07_05_miamlb_slnmlb_1,F,0,0,0,0,0,0,0,0,0,3,1
The Rube,Matt,Carpenter,572761,2014-07-06,2014_07_06_miamlb_slnmlb_1,F,0,0,0,0,0,0,0,0,0,3,1
The Rube,Matt,Carpenter,572761,2014-07-07,2014_07_07_pitmlb_slnmlb_1,F,0,0,0,0,0,0,0,0,0,3,3
The Rube,Matt,Carpenter,572761,2014-07-08,2014_07_08_pitmlb_slnmlb_1,F,0,0,0,0,0,0,0,0,2,0,0
The Rube,Matt,Carpenter,572761,2014-07-09,2014_07_09_pitmlb_slnmlb_1,F,0,0,0,0,0,0,0,0,2,3,0
The Rube,Matt,Carpenter,572761,2014-07-10,2014_07_10_pitmlb_slnmlb_1,F,0,0,0,0,0,0,0,0,1,3,0
The Rube,Matt,Carpenter,572761,2014-07-11,2014_07_11_slnmlb_milmlb_1,F,0,0,0,0,0,0,0,0,0,1,1
The Rube,Matt,Carpenter,572761,2014-07-12,2014_07_12_slnmlb_milmlb_1,F,0,0,0,0,0,0,0,0,2,4,1
The Rube,Asdrubal,Cabrera,452678,2014-07-01,2014_07_01_clemlb_lanmlb_1,F,0,0,0,0,0,0,0,0,1,0,0
The Rube,Asdrubal,Cabrera,452678,2014-07-02,2014_07_02_clemlb_lanmlb_1,F,0,0,0,0,0,0,0,0,2,1,0
The Rube,Asdrubal,Cabrera,452678,2014-07-04,2014_07_04_kcamlb_clemlb_1,F,0,0,0,0,0,0,0,0,0,2,0
The Rube,Asdrubal,Cabrera,452678,2014-07-05,2014_07_05_kcamlb_clemlb_1,F,0,0,0,0,0,0,0,0,2,4,0
The Rube,Asdrubal,Cabrera,452678,2014-07-06,2014_07_06_kcamlb_clemlb_1,F,0,0,0,0,0,0,0,0,1,1,0
The Rube,Asdrubal,Cabrera,452678,2014-07-07,2014_07_07_nyamlb_clemlb_1,F,0,0,0,0,0,0,0,0,1,1,0
The Rube,Asdrubal,Cabrera,452678,2014-07-08,2014_07_08_nyamlb_clemlb_1,F,0,0,0,0,0,0,0,0,0,4,0
The Rube,Asdrubal,Cabrera,452678,2014-07-09,2014_07_09_nyamlb_clemlb_1,F,0,0,0,0,0,0,0,0,3,2,0
The Rube,Asdrubal,Cabrera,452678,2014-07-10,2014_07_10_nyamlb_clemlb_1,F,0,0,0,0,0,0,0,0,2,4,1
The Rube,Asdrubal,Cabrera,452678,2014-07-11,2014_07_11_chamlb_clemlb_1,F,0,0,0,0,0,0,0,1,2,2,1
The Rube,Asdrubal,Cabrera,452678,2014-07-12,2014_07_12_chamlb_clemlb_1,F,0,0,0,0,0,0,0,0,0,4,0
The Rube,Shin-Soo,Choo,425783,2014-07-01,2014_07_01_texmlb_balmlb_1,F,0,0,0,0,0,0,0,0,1,0,0
The Rube,Shin-Soo,Choo,425783,2014-07-02,2014_07_02_texmlb_balmlb_1,F,0,0,0,0,0,0,0,0,1,0,3
The Rube,Shin-Soo,Choo,425783,2014-07-03,2014_07_03_texmlb_balmlb_1,F,0,0,0,0,0,0,1,0,1,0,1
The Rube,Shin-Soo,Choo,425783,2014-07-04,2014_07_04_texmlb_nynmlb_1,F,0,0,0,0,0,0,1,0,1,0,2
The Rube,Shin-Soo,Choo,425783,2014-07-05,2014_07_05_texmlb_nynmlb_1,F,0,0,0,0,0,0,0,0,0,0,0
The Rube,Shin-Soo,Choo,425783,2014-07-06,2014_07_06_texmlb_nynmlb_1,F,0,0,0,0,0,0,0,0,1,0,0
The Rube,Shin-Soo,Choo,425783,2014-07-07,2014_07_07_houmlb_texmlb_1,F,0,0,0,0,0,0,0,0,1,0,2
The Rube,Shin-Soo,Choo,425783,2014-07-08,2014_07_08_houmlb_texmlb_1,F,0,0,0,0,0,0,0,0,1,0,0
The Rube,Shin-Soo,Choo,425783,2014-07-09,2014_07_09_houmlb_texmlb_1,F,0,0,0,0,0,0,0,0,1,0,0
The Rube,Shin-Soo,Choo,425783,2014-07-10,2014_07_10_anamlb_texmlb_1,F,0,0,0,0,0,0,0,0,1,0,0
The Rube,Shin-Soo,Choo,425783,2014-07-11,2014_07_11_anamlb_texmlb_1,F,0,0,0,0,0,0,0,0,0,0,0
The Rube,Shin-Soo,Choo,425783,2014-07-12,2014_07_12_anamlb_texmlb_1,F,0,0,0,0,0,0,0,0,0,0,1
The Rube,Wilin,Rosario,501647,2014-07-01,2014_07_01_colmlb_wasmlb_1,F,0,0,0,0,0,0,0,0,2,1,0
The Rube,Wilin,Rosario,501647,2014-07-03,2014_07_03_lanmlb_colmlb_1,F,0,0,0,0,0,0,0,0,0,2,0
The Rube,Wilin,Rosario,501647,2014-07-05,2014_07_05_lanmlb_colmlb_1,F,0,0,0,0,0,0,0,0,2,0,1
The Rube,Wilin,Rosario,501647,2014-07-06,2014_07_06_lanmlb_colmlb_1,F,0,0,0,0,0,0,0,0,0,0,1
The Rube,Wilin,Rosario,501647,2014-07-08,2014_07_08_sdnmlb_colmlb_1,F,0,0,0,0,0,0,0,0,0,0,0
The Rube,Wilin,Rosario,501647,2014-07-09,2014_07_09_sdnmlb_colmlb_1,F,0,0,0,0,0,0,1,0,1,2,0
The Rube,Wilin,Rosario,501647,2014-07-11,2014_07_11_minmlb_colmlb_1,F,0,0,0,0,0,0,0,0,1,0,0
The Rube,Bryce,Harper,547180,2014-07-01,2014_07_01_colmlb_wasmlb_1,F,0,0,0,0,0,0,0,0,1,0,0
The Rube,Bryce,Harper,547180,2014-07-02,2014_07_02_colmlb_wasmlb_1,F,0,0,0,0,0,0,0,0,1,0,0
The Rube,Bryce,Harper,547180,2014-07-04,2014_07_04_chnmlb_wasmlb_1,F,0,0,0,0,0,0,0,0,0,0,0
The Rube,Bryce,Harper,547180,2014-07-05,2014_07_05_chnmlb_wasmlb_1,F,0,0,0,0,0,0,0,0,1,0,1
The Rube,Bryce,Harper,547180,2014-07-06,2014_07_06_chnmlb_wasmlb_1,F,0,0,0,0,0,0,0,0,0,0,0
The Rube,Bryce,Harper,547180,2014-07-07,2014_07_07_balmlb_wasmlb_1,F,0,0,0,0,0,0,0,0,0,0,2
The Rube,Bryce,Harper,547180,2014-07-08,2014_07_08_balmlb_wasmlb_1,DR,0,0,0,0,0,0,0,0,0,0,0
The Rube,Bryce,Harper,547180,2014-07-09,2014_07_09_wasmlb_balmlb_1,F,0,0,0,0,0,0,0,0,0,0,0
The Rube,Bryce,Harper,547180,2014-07-10,2014_07_10_wasmlb_balmlb_1,F,0,0,0,0,0,0,0,0,0,0,1
The Rube,Bryce,Harper,547180,2014-07-11,2014_07_11_wasmlb_phimlb_1,F,0,0,0,0,0,0,1,0,1,1,0
The Rube,Bryce,Harper,547180,2014-07-12,2014_07_12_wasmlb_phimlb_1,F,0,0,0,0,0,0,0,0,0,0,0
The Rube,Johnny,Cueto,456501,2014-07-02,2014_07_02_cinmlb_sdnmlb_1,F,1,0,0,3,1,0,0,0,0,0,0
The Rube,Johnny,Cueto,456501,2014-07-08,2014_07_08_chnmlb_cinmlb_1,F,1,1,0,2,1,0,0,0,0,0,0
The Rube,Max,Scherzer,453286,2014-07-03,2014_07_03_tbamlb_detmlb_1,F,1,1,0,1,1,0,0,0,0,0,0
The Rube,Max,Scherzer,453286,2014-07-09,2014_07_09_lanmlb_detmlb_1,F,1,1,0,1,1,1,0,0,0,0,0
The Rube,Tim,Hudson,218596,2014-07-05,2014_07_05_sfnmlb_sdnmlb_1,F,1,0,0,1,1,1,0,0,0,0,0
The Rube,Tim,Hudson,218596,2014-07-10,2014_07_10_oakmlb_sfnmlb_1,F,1,0,0,6,0,1,0,0,0,0,0
The Rube,Aroldis,Chapman,547973,2014-07-04,2014_07_04_milmlb_cinmlb_1,F,1,0,1,0,0,0,0,0,0,0,0
The Rube,Aroldis,Chapman,547973,2014-07-08,2014_07_08_chnmlb_cinmlb_1,F,1,0,1,0,0,0,0,0,0,0,0
The Rube,Aroldis,Chapman,547973,2014-07-09,2014_07_09_chnmlb_cinmlb_1,F,1,0,1,0,0,0,0,0,0,0,0
The Rube,Aroldis,Chapman,547973,2014-07-10,2014_07_10_chnmlb_cinmlb_1,F,1,0,0,0,0,0,0,0,0,0,0
The Rube,Aroldis,Chapman,547973,2014-07-11,2014_07_11_pitmlb_cinmlb_1,F,1,0,1,0,0,0,0,0,0,0,0
The Rube,Gerrit,Cole,543037,2014-07-04,2014_07_04_phimlb_pitmlb_1,F,1,1,0,0,0,0,0,0,0,0,0
The Rube,Matt,Cain,430912,2014-07-04,2014_07_04_sfnmlb_sdnmlb_1,F,1,0,0,2,1,1,0,0,0,0,0
The Rube,Matt,Cain,430912,2014-07-09,2014_07_09_oakmlb_sfnmlb_1,F,1,1,0,2,1,0,0,0,0,0,0
Paly Players,Adam,Jones,430945,2014-07-01,2014_07_01_texmlb_balmlb_1,F,0,0,0,0,0,0,0,0,1,0,0
Paly Players,Adam,Jones,430945,2014-07-02,2014_07_02_texmlb_balmlb_1,F,0,0,0,0,0,0,1,0,2,0,0
Paly Players,Adam,Jones,430945,2014-07-03,2014_07_03_texmlb_balmlb_1,F,0,0,0,0,0,0,0,1,1,0,0
Paly Players,Adam,Jones,430945,2014-07-05,2014_07_05_balmlb_bosmlb_1,F,0,0,0,0,0,0,0,0,1,0,0
Paly Players,Adam,Jones,430945,2014-07-05,2014_07_05_balmlb_bosmlb_2,F,0,0,0,0,0,0,0,0,2,0,0
Paly Players,Adam,Jones,430945,2014-07-06,2014_07_06_balmlb_bosmlb_1,F,0,0,0,0,0,0,0,0,2,0,1
Paly Players,Adam,Jones,430945,2014-07-07,2014_07_07_balmlb_wasmlb_1,F,0,0,0,0,0,0,0,0,0,0,0
Paly Players,Adam,Jones,430945,2014-07-08,2014_07_08_balmlb_wasmlb_1,DR,0,0,0,0,0,0,0,0,0,0,0
Paly Players,Adam,Jones,430945,2014-07-09,2014_07_09_wasmlb_balmlb_1,F,0,0,0,0,0,0,0,0,1,0,0
Paly Players,Adam,Jones,430945,2014-07-10,2014_07_10_wasmlb_balmlb_1,F,0,0,0,0,0,0,0,0,1,0,0
Paly Players,Adam,Jones,430945,2014-07-11,2014_07_11_nyamlb_balmlb_1,F,0,0,0,0,0,0,0,0,2,0,0
Paly Players,Adam,Jones,430945,2014-07-12,2014_07_12_nyamlb_balmlb_1,F,0,0,0,0,0,0,0,0,0,1,0
Paly Players,Josh,Donaldson,518626,2014-07-01,2014_07_01_oakmlb_detmlb_1,F,0,0,0,0,0,0,0,0,0,3,0
Paly Players,Josh,Donaldson,518626,2014-07-04,2014_07_04_tormlb_oakmlb_1,F,0,0,0,0,0,0,0,0,1,3,0
Paly Players,Josh,Donaldson,518626,2014-07-05,2014_07_05_tormlb_oakmlb_1,F,0,0,0,0,0,0,1,0,1,0,0
Paly Players,Josh,Donaldson,518626,2014-07-06,2014_07_06_tormlb_oakmlb_1,F,0,0,0,0,0,0,0,0,0,0,0
Paly Players,Josh,Donaldson,518626,2014-07-07,2014_07_07_sfnmlb_oakmlb_1,F,0,0,0,0,0,0,0,0,1,2,0
Paly Players,Josh,Donaldson,518626,2014-07-08,2014_07_08_sfnmlb_oakmlb_1,F,0,0,0,0,0,0,0,0,0,1,1
Paly Players,Josh,Donaldson,518626,2014-07-09,2014_07_09_oakmlb_sfnmlb_1,F,0,0,0,0,0,0,0,0,0,2,0
Paly Players,Josh,Donaldson,518626,2014-07-10,2014_07_10_oakmlb_sfnmlb_1,F,0,0,0,0,0,0,1,0,2,1,1
Paly Players,Josh,Donaldson,518626,2014-07-11,2014_07_11_oakmlb_seamlb_1,F,0,0,0,0,0,0,0,0,1,0,0
Paly Players,Josh,Donaldson,518626,2014-07-12,2014_07_12_oakmlb_seamlb_1,F,0,0,0,0,0,0,0,0,1,2,0
Paly Players,Hanley,Ramirez,434670,2014-07-01,2014_07_01_clemlb_lanmlb_1,F,0,0,0,0,0,0,0,0,0,0,0
Paly Players,Hanley,Ramirez,434670,2014-07-02,2014_07_02_clemlb_lanmlb_1,F,0,0,0,0,0,0,0,0,0,0,1
Paly Players,Hanley,Ramirez,434670,2014-07-03,2014_07_03_lanmlb_colmlb_1,F,0,0,0,0,0,0,0,0,0,3,2
Paly Players,Hanley,Ramirez,434670,2014-07-04,2014_07_04_lanmlb_colmlb_1,F,0,0,0,0,0,0,0,1,1,1,0
Paly Players,Hanley,Ramirez,434670,2014-07-05,2014_07_05_lanmlb_colmlb_1,F,0,0,0,0,0,0,0,0,2,3,0
Paly Players,Hanley,Ramirez,434670,2014-07-08,2014_07_08_lanmlb_detmlb_1,F,0,0,0,0,0,0,0,0,1,0,1
Paly Players,Hanley,Ramirez,434670,2014-07-09,2014_07_09_lanmlb_detmlb_1,F,0,0,0,0,0,0,0,0,0,0,1
Paly Players,Hanley,Ramirez,434670,2014-07-10,2014_07_10_sdnmlb_lanmlb_1,F,0,0,0,0,0,0,0,1,2,0,0
Paly Players,Alex,Rios,425567,2014-07-01,2014_07_01_texmlb_balmlb_1,F,0,0,0,0,0,0,0,0,2,0,0
Paly Players,Alex,Rios,425567,2014-07-02,2014_07_02_texmlb_balmlb_1,F,0,0,0,0,0,0,0,0,2,0,0
Paly Players,Alex,Rios,425567,2014-07-03,2014_07_03_texmlb_balmlb_1,F,0,0,0,0,0,0,0,0,0,0,0
Paly Players,Alex,Rios,425567,2014-07-04,2014_07_04_texmlb_nynmlb_1,F,0,0,0,0,0,0,0,0,1,0,0
Paly Players,Alex,Rios,425567,2014-07-05,2014_07_05_texmlb_nynmlb_1,F,0,0,0,0,0,0,0,1,3,0,0
Paly Players,Alex,Rios,425567,2014-07-06,2014_07_06_texmlb_nynmlb_1,F,0,0,0,0,0,0,1,0,1,0,0
Paly Players,Alex,Rios,425567,2014-07-07,2014_07_07_houmlb_texmlb_1,F,0,0,0,0,0,0,0,0,2,0,0
Paly Players,Alex,Rios,425567,2014-07-08,2014_07_08_houmlb_texmlb_1,F,0,0,0,0,0,0,0,0,1,0,0
Paly Players,Alex,Rios,425567,2014-07-09,2014_07_09_houmlb_texmlb_1,F,0,0,0,0,0,0,0,0,1,0,0
Paly Players,Alex,Rios,425567,2014-07-10,2014_07_10_anamlb_texmlb_1,F,0,0,0,0,0,0,0,0,0,0,1
Paly Players,Alex,Rios,425567,2014-07-11,2014_07_11_anamlb_texmlb_1,F,0,0,0,0,0,0,0,1,2,0,0
Paly Players,Alex,Rios,425567,2014-07-12,2014_07_12_anamlb_texmlb_1,F,0,0,0,0,0,0,0,1,1,1,0
Paly Players,Matt,Kemp,461314,2014-07-01,2014_07_01_clemlb_lanmlb_1,F,0,0,0,0,0,0,0,0,0,0,1
Paly Players,Matt,Kemp,461314,2014-07-02,2014_07_02_clemlb_lanmlb_1,F,0,0,0,0,0,0,0,0,0,0,0
Paly Players,Matt,Kemp,461314,2014-07-03,2014_07_03_lanmlb_colmlb_1,F,0,0,0,0,0,0,0,0,0,0,1
Paly Players,Matt,Kemp,461314,2014-07-05,2014_07_05_lanmlb_colmlb_1,F,0,0,0,0,0,0,0,0,0,0,1
Paly Players,Matt,Kemp,461314,2014-07-06,2014_07_06_lanmlb_colmlb_1,F,0,0,0,0,0,0,0,0,4,0,0
Paly Players,Matt,Kemp,461314,2014-07-08,2014_07_08_lanmlb_detmlb_1,F,0,0,0,0,0,0,0,0,3,0,0
Paly Players,Matt,Kemp,461314,2014-07-09,2014_07_09_lanmlb_detmlb_1,F,0,0,0,0,0,0,0,0,0,0,0
Paly Players,Matt,Kemp,461314,2014-07-10,2014_07_10_sdnmlb_lanmlb_1,F,0,0,0,0,0,0,0,0,1,0,0
Paly Players,Matt,Kemp,461314,2014-07-11,2014_07_11_sdnmlb_lanmlb_1,F,0,0,0,0,0,0,0,0,1,0,1
Paly Players,Matt,Kemp,461314,2014-07-12,2014_07_12_sdnmlb_lanmlb_1,F,0,0,0,0,0,0,0,0,0,0,1
Paly Players,Chris,Davis,448801,2014-07-01,2014_07_01_texmlb_balmlb_1,F,0,0,0,0,0,0,0,0,0,0,0
Paly Players,Chris,Davis,448801,2014-07-02,2014_07_02_texmlb_balmlb_1,F,0,0,0,0,0,0,0,0,1,1,1
Paly Players,Chris,Davis,448801,2014-07-03,2014_07_03_texmlb_balmlb_1,F,0,0,0,0,0,0,0,0,1,0,0
Paly Players,Chris,Davis,448801,2014-07-05,2014_07_05_balmlb_bosmlb_1,F,0,0,0,0,0,0,0,0,0,1,0
Paly Players,Chris,Davis,448801,2014-07-05,2014_07_05_balmlb_bosmlb_2,F,0,0,0,0,0,0,0,0,0,0,1
Paly Players,Chris,Davis,448801,2014-07-07,2014_07_07_balmlb_wasmlb_1,F,0,0,0,0,0,0,1,0,1,1,0
Paly Players,Chris,Davis,448801,2014-07-08,2014_07_08_balmlb_wasmlb_1,DR,0,0,0,0,0,0,0,0,0,0,0
Paly Players,Chris,Davis,448801,2014-07-09,2014_07_09_wasmlb_balmlb_1,F,0,0,0,0,0,0,0,0,2,0,0
Paly Players,Chris,Davis,448801,2014-07-10,2014_07_10_wasmlb_balmlb_1,F,0,0,0,0,0,0,0,0,0,0,0
Paly Players,Chris,Davis,448801,2014-07-11,2014_07_11_nyamlb_balmlb_1,F,0,0,0,0,0,0,0,0,0,2,0
Paly Players,Chris,Davis,448801,2014-07-12,2014_07_12_nyamlb_balmlb_1,F,0,0,0,0,0,0,0,0,0,0,0
Paly Players,Jean,Segura,516416,2014-07-01,2014_07_01_milmlb_tormlb_1,F,0,0,0,0,0,0,0,0,0,2,0
Paly Players,Jean,Segura,516416,2014-07-02,2014_07_02_milmlb_tormlb_1,F,0,0,0,0,0,0,0,0,0,6,0
Paly Players,Jean,Segura,516416,2014-07-04,2014_07_04_milmlb_cinmlb_1,F,0,0,0,0,0,0,0,1,1,2,1
Paly Players,Jean,Segura,516416,2014-07-05,2014_07_05_milmlb_cinmlb_1,F,0,0,0,0,0,0,0,0,0,1,0
Paly Players,Jean,Segura,516416,2014-07-06,2014_07_06_milmlb_cinmlb_1,F,0,0,0,0,0,0,0,0,0,3,1
Paly Players,Jean,Segura,516416,2014-07-07,2014_07_07_phimlb_milmlb_1,F,0,0,0,0,0,0,0,0,2,1,0
Paly Players,Jean,Segura,516416,2014-07-08,2014_07_08_phimlb_milmlb_1,F,0,0,0,0,0,0,0,0,0,2,0
Paly Players,Jean,Segura,516416,2014-07-09,2014_07_09_phimlb_milmlb_1,F,0,0,0,0,0,0,0,0,0,2,0
Paly Players,Jean,Segura,516416,2014-07-11,2014_07_11_slnmlb_milmlb_1,F,0,0,0,0,0,0,0,0,1,2,0
Paly Players,Jason,Kipnis,543401,2014-07-01,2014_07_01_clemlb_lanmlb_1,F,0,0,0,0,0,0,0,0,2,1,1
Paly Players,Jason,Kipnis,543401,2014-07-02,2014_07_02_clemlb_lanmlb_1,F,0,0,0,0,0,0,0,0,0,1,0
Paly Players,Jason,Kipnis,543401,2014-07-04,2014_07_04_kcamlb_clemlb_1,F,0,0,0,0,0,0,0,0,2,4,0
Paly Players,Jason,Kipnis,543401,2014-07-05,2014_07_05_kcamlb_clemlb_1,F,0,0,0,0,0,0,0,0,2,5,0
Paly Players,Jason,Kipnis,543401,2014-07-06,2014_07_06_kcamlb_clemlb_1,F,0,0,0,0,0,0,0,0,1,7,0
Paly Players,Jason,Kipnis,543401,2014-07-07,2014_07_07_nyamlb_clemlb_1,F,0,0,0,0,0,0,0,0,0,2,0
Paly Players,Jason,Kipnis,543401,2014-07-08,2014_07_08_nyamlb_clemlb_1,F,0,0,0,0,0,0,0,2,2,1,0
Paly Players,Jason,Kipnis,543401,2014-07-09,2014_07_09_nyamlb_clemlb_1,F,0,0,0,0,0,0,0,1,2,8,0
Paly Players,Jason,Kipnis,543401,2014-07-10,2014_07_10_nyamlb_clemlb_1,F,0,0,0,0,0,0,0,2,3,3,1
Paly Players,Jason,Kipnis,543401,2014-07-11,2014_07_11_chamlb_clemlb_1,F,0,0,0,0,0,0,0,0,0,6,1
Paly Players,Jason,Kipnis,543401,2014-07-12,2014_07_12_chamlb_clemlb_1,F,0,0,0,0,0,0,0,0,1,6,1
Paly Players,Joe,Mauer,408045,2014-07-01,2014_07_01_kcamlb_minmlb_1,F,0,0,0,0,0,0,0,0,1,0,0
Paly Players,David,Price,456034,2014-07-01,2014_07_01_tbamlb_nyamlb_1,F,1,1,0,0,1,0,0,0,0,0,0
Paly Players,David,Price,456034,2014-07-06,2014_07_06_tbamlb_detmlb_1,F,1,1,0,3,1,0,0,0,0,0,0
Paly Players,Yu,Darvish,506433,2014-07-04,2014_07_04_texmlb_nynmlb_1,F,1,0,0,4,0,0,0,0,0,0,0
Paly Players,Yu,Darvish,506433,2014-07-09,2014_07_09_houmlb_texmlb_1,F,1,0,0,6,0,1,0,0,0,0,0
Paly Players,Greg,Holland,518813,2014-07-02,2014_07_02_kcamlb_minmlb_1,F,1,0,0,0,0,0,0,0,0,0,0
Paly Players,Greg,Holland,518813,2014-07-09,2014_07_09_kcamlb_tbamlb_1,F,1,0,1,0,0,0,0,0,0,0,0
Paly Players,Tim,Lincecum,453311,2014-07-01,2014_07_01_slnmlb_sfnmlb_1,F,1,1,0,0,1,0,0,0,0,0,0
Paly Players,Tim,Lincecum,453311,2014-07-06,2014_07_06_sfnmlb_sdnmlb_1,F,1,1,0,1,1,1,0,0,0,0,0
Paly Players,Tim,Lincecum,453311,2014-07-11,2014_07_11_arimlb_sfnmlb_1,F,1,1,0,0,1,0,0,0,0,0,0
Paly Players,Justin,Verlander,434378,2014-07-02,2014_07_02_oakmlb_detmlb_1,F,1,1,0,2,1,0,0,0,0,0,0
Paly Players,Justin,Verlander,434378,2014-07-08,2014_07_08_lanmlb_detmlb_1,F,1,1,0,5,0,0,0,0,0,0,0
Dr. Watson,Mike,Trout,545361,2014-07-01,2014_07_01_anamlb_chamlb_1,F,0,0,0,0,0,0,1,0,1,0,1
Dr. Watson,Mike,Trout,545361,2014-07-01,2014_07_01_anamlb_chamlb_2,F,0,0,0,0,0,0,0,0,2,0,1
Dr. Watson,Mike,Trout,545361,2014-07-02,2014_07_02_anamlb_chamlb_1,F,0,0,0,0,0,0,0,0,0,0,0
Dr. Watson,Mike,Trout,545361,2014-07-03,2014_07_03_houmlb_anamlb_1,F,0,0,0,0,0,0,0,0,2,0,0
Dr. Watson,Mike,Trout,545361,2014-07-04,2014_07_04_houmlb_anamlb_1,F,0,0,0,0,0,0,1,0,1,0,1
Dr. Watson,Mike,Trout,545361,2014-07-05,2014_07_05_houmlb_anamlb_1,F,0,0,0,0,0,0,0,0,0,0,0
Dr. Watson,Mike,Trout,545361,2014-07-06,2014_07_06_houmlb_anamlb_1,F,0,0,0,0,0,0,0,0,1,0,0
Dr. Watson,Mike,Trout,545361,2014-07-07,2014_07_07_tormlb_anamlb_1,F,0,0,0,0,0,0,0,0,0,0,1
Dr. Watson,Mike,Trout,545361,2014-07-08,2014_07_08_tormlb_anamlb_1,F,0,0,0,0,0,0,0,0,1,0,0
Dr. Watson,Mike,Trout,545361,2014-07-09,2014_07_09_tormlb_anamlb_1,F,0,0,0,0,0,0,0,0,1,0,0
Dr. Watson,Mike,Trout,545361,2014-07-10,2014_07_10_anamlb_texmlb_1,F,0,0,0,0,0,0,1,0,4,0,0
Dr. Watson,Mike,Trout,545361,2014-07-11,2014_07_11_anamlb_texmlb_1,F,0,0,0,0,0,0,1,0,1,0,0
Dr. Watson,Mike,Trout,545361,2014-07-12,2014_07_12_anamlb_texmlb_1,F,0,0,0,0,0,0,0,0,1,0,0
Dr. Watson,Ian,Kinsler,435079,2014-07-01,2014_07_01_oakmlb_detmlb_1,F,0,0,0,0,0,0,0,0,1,8,0
Dr. Watson,Ian,Kinsler,435079,2014-07-02,2014_07_02_oakmlb_detmlb_1,F,0,0,0,0,0,0,0,0,2,3,0
Dr. Watson,Ian,Kinsler,435079,2014-07-03,2014_07_03_tbamlb_detmlb_1,F,0,0,0,0,0,0,1,0,1,0,0
Dr. Watson,Ian,Kinsler,435079,2014-07-04,2014_07_04_tbamlb_detmlb_1,F,0,0,0,0,0,0,0,0,1,1,0
Dr. Watson,Ian,Kinsler,435079,2014-07-05,2014_07_05_tbamlb_detmlb_1,F,0,0,0,0,0,0,0,0,1,4,0
Dr. Watson,Ian,Kinsler,435079,2014-07-06,2014_07_06_tbamlb_detmlb_1,F,0,0,0,0,0,0,0,0,0,1,0
Dr. Watson,Ian,Kinsler,435079,2014-07-08,2014_07_08_lanmlb_detmlb_1,F,0,0,0,0,0,0,0,0,2,0,0
Dr. Watson,Ian,Kinsler,435079,2014-07-09,2014_07_09_lanmlb_detmlb_1,F,0,0,0,0,0,0,0,0,1,2,0
Dr. Watson,Ian,Kinsler,435079,2014-07-10,2014_07_10_detmlb_kcamlb_1,F,0,0,0,0,0,0,0,0,2,2,0
Dr. Watson,Ian,Kinsler,435079,2014-07-11,2014_07_11_detmlb_kcamlb_1,F,0,0,0,0,0,0,0,1,1,2,0
Dr. Watson,Ian,Kinsler,435079,2014-07-12,2014_07_12_detmlb_kcamlb_1,F,0,0,0,0,0,0,0,0,2,3,0
Dr. Watson,Jose,Bautista,430832,2014-07-01,2014_07_01_milmlb_tormlb_1,F,0,0,0,0,0,0,1,0,1,0,0
Dr. Watson,Jose,Bautista,430832,2014-07-02,2014_07_02_milmlb_tormlb_1,F,0,0,0,0,0,0,1,0,1,0,1
Dr. Watson,Jose,Bautista,430832,2014-07-03,2014_07_03_tormlb_oakmlb_1,F,0,0,0,0,0,0,0,0,1,0,0
Dr. Watson,Jose,Bautista,430832,2014-07-04,2014_07_04_tormlb_oakmlb_1,F,0,0,0,0,0,0,0,0,1,0,0
Dr. Watson,Jose,Bautista,430832,2014-07-05,2014_07_05_tormlb_oakmlb_1,F,0,0,0,0,0,0,0,0,1,0,0
Dr. Watson,Jose,Bautista,430832,2014-07-06,2014_07_06_tormlb_oakmlb_1,F,0,0,0,0,0,0,0,0,0,0,0
Dr. Watson,Jose,Bautista,430832,2014-07-07,2014_07_07_tormlb_anamlb_1,F,0,0,0,0,0,0,0,0,0,0,0
Dr. Watson,Jose,Bautista,430832,2014-07-08,2014_07_08_tormlb_anamlb_1,F,0,0,0,0,0,0,0,1,1,1,0
Dr. Watson,Jose,Bautista,430832,2014-07-09,2014_07_09_tormlb_anamlb_1,F,0,0,0,0,0,0,0,0,1,2,1
Dr. Watson,Jose,Bautista,430832,2014-07-11,2014_07_11_tormlb_tbamlb_1,F,0,0,0,0,0,0,0,0,2,0,0
Dr. Watson,Jose,Bautista,430832,2014-07-12,2014_07_12_tormlb_tbamlb_1,F,0,0,0,0,0,0,0,0,0,0,1
Dr. Watson,Adrian,Gonzalez,408236,2014-07-01,2014_07_01_clemlb_lanmlb_1,F,0,0,0,0,0,0,1,0,1,1,1
Dr. Watson,Adrian,Gonzalez,408236,2014-07-02,2014_07_02_clemlb_lanmlb_1,F,0,0,0,0,0,0,0,0,0,0,0
Dr. Watson,Adrian,Gonzalez,408236,2014-07-03,2014_07_03_lanmlb_colmlb_1,F,0,0,0,0,0,0,0,0,1,0,0
Dr. Watson,Adrian,Gonzalez,408236,2014-07-04,2014_07_04_lanmlb_colmlb_1,F,0,0,0,0,0,0,0,0,2,1,0
Dr. Watson,Adrian,Gonzalez,408236,2014-07-05,2014_07_05_lanmlb_colmlb_1,F,0,0,0,0,0,0,0,0,0,0,1
Dr. Watson,Adrian,Gonzalez,408236,2014-07-06,2014_07_06_lanmlb_colmlb_1,F,0,0,0,0,0,0,0,0,1,0,0
Dr. Watson,Adrian,Gonzalez,408236,2014-07-08,2014_07_08_lanmlb_detmlb_1,F,0,0,0,0,0,0,0,0,1,0,0
Dr. Watson,Adrian,Gonzalez,408236,2014-07-09,2014_07_09_lanmlb_detmlb_1,F,0,0,0,0,0,0,0,0,0,2,0
Dr. Watson,Adrian,Gonzalez,408236,2014-07-10,2014_07_10_sdnmlb_lanmlb_1,F,0,0,0,0,0,0,0,0,1,0,0
Dr. Watson,Adrian,Gonzalez,408236,2014-07-11,2014_07_11_sdnmlb_lanmlb_1,F,0,0,0,0,0,0,0,0,0,0,1
Dr. Watson,Adrian,Gonzalez,408236,2014-07-12,2014_07_12_sdnmlb_lanmlb_1,F,0,0,0,0,0,0,0,0,2,1,0
Dr. Watson,Jayson,Werth,150029,2014-07-01,2014_07_01_colmlb_wasmlb_1,F,0,0,0,0,0,0,0,0,2,0,2
Dr. Watson,Jayson,Werth,150029,2014-07-02,2014_07_02_colmlb_wasmlb_1,F,0,0,0,0,0,0,1,0,2,0,0
Dr. Watson,Jayson,Werth,150029,2014-07-04,2014_07_04_chnmlb_wasmlb_1,F,0,0,0,0,0,0,1,0,2,0,1
Dr. Watson,Jayson,Werth,150029,2014-07-05,2014_07_05_chnmlb_wasmlb_1,F,0,0,0,0,0,0,0,0,3,0,0
Dr. Watson,Jayson,Werth,150029,2014-07-06,2014_07_06_chnmlb_wasmlb_1,F,0,0,0,0,0,0,0,0,0,0,1
Dr. Watson,Jayson,Werth,150029,2014-07-07,2014_07_07_balmlb_wasmlb_1,F,0,0,0,0,0,0,0,0,0,0,0
Dr. Watson,Jayson,Werth,150029,2014-07-08,2014_07_08_balmlb_wasmlb_1,DR,0,0,0,0,0,0,0,0,0,0,0
Dr. Watson,Jayson,Werth,150029,2014-07-09,2014_07_09_wasmlb_balmlb_1,F,0,0,0,0,0,0,1,0,2,0,1
Dr. Watson,Jayson,Werth,150029,2014-07-10,2014_07_10_wasmlb_balmlb_1,F,0,0,0,0,0,0,1,0,1,0,0
Dr. Watson,Jayson,Werth,150029,2014-07-11,2014_07_11_wasmlb_phimlb_1,F,0,0,0,0,0,0,0,0,0,0,1
Dr. Watson,Jayson,Werth,150029,2014-07-12,2014_07_12_wasmlb_phimlb_1,F,0,0,0,0,0,0,1,0,1,0,1
Dr. Watson,David,Wright,431151,2014-07-05,2014_07_05_texmlb_nynmlb_1,F,0,0,0,0,0,0,0,0,1,1,0
Dr. Watson,David,Wright,431151,2014-07-06,2014_07_06_texmlb_nynmlb_1,F,0,0,0,0,0,0,0,0,0,5,0
Dr. Watson,David,Wright,431151,2014-07-07,2014_07_07_atlmlb_nynmlb_1,F,0,0,0,0,0,0,1,0,1,2,0
Dr. Watson,David,Wright,431151,2014-07-08,2014_07_08_atlmlb_nynmlb_1,F,0,0,0,0,0,0,0,0,2,4,0
Dr. Watson,David,Wright,431151,2014-07-09,2014_07_09_atlmlb_nynmlb_1,F,0,0,0,0,0,0,0,0,1,0,1
Dr. Watson,David,Wright,431151,2014-07-10,2014_07_10_atlmlb_nynmlb_1,F,0,0,0,0,0,0,0,0,1,2,2
Dr. Watson,David,Wright,431151,2014-07-11,2014_07_11_miamlb_nynmlb_1,F,0,0,0,0,0,0,1,0,4,4,0
Dr. Watson,David,Wright,431151,2014-07-12,2014_07_12_miamlb_nynmlb_1,F,0,0,0,0,0,0,0,0,0,1,1
Dr. Watson,Neil,Walker,435522,2014-07-01,2014_07_01_arimlb_pitmlb_1,F,0,0,0,0,0,0,0,0,1,3,0
Dr. Watson,Neil,Walker,435522,2014-07-02,2014_07_02_arimlb_pitmlb_1,F,0,0,0,0,0,0,0,0,1,5,0
Dr. Watson,Neil,Walker,435522,2014-07-03,2014_07_03_arimlb_pitmlb_1,F,0,0,0,0,0,0,0,0,1,3,0
Dr. Watson,Neil,Walker,435522,2014-07-04,2014_07_04_phimlb_pitmlb_1,F,0,0,0,0,0,0,0,0,1,3,2
Dr. Watson,Neil,Walker,435522,2014-07-05,2014_07_05_phimlb_pitmlb_1,F,0,0,0,0,0,0,0,0,0,0,0
Dr. Watson,Neil,Walker,435522,2014-07-06,2014_07_06_phimlb_pitmlb_1,F,0,0,0,0,0,0,0,1,1,2,0
Dr. Watson,Neil,Walker,435522,2014-07-07,2014_07_07_pitmlb_slnmlb_1,F,0,0,0,0,0,0,0,0,2,2,1
Dr. Watson,Neil,Walker,435522,2014-07-08,2014_07_08_pitmlb_slnmlb_1,F,0,0,0,0,0,0,0,0,1,5,0
Dr. Watson,Neil,Walker,435522,2014-07-09,2014_07_09_pitmlb_slnmlb_1,F,0,0,0,0,0,0,1,0,2,3,0
Dr. Watson,Neil,Walker,435522,2014-07-10,2014_07_10_pitmlb_slnmlb_1,F,0,0,0,0,0,0,0,0,1,4,1
Dr. Watson,Neil,Walker,435522,2014-07-11,2014_07_11_pitmlb_cinmlb_1,F,0,0,0,0,0,0,0,0,0,2,1
Dr. Watson,Neil,Walker,435522,2014-07-12,2014_07_12_pitmlb_cinmlb_1,F,0,0,0,0,0,0,0,0,0,0,1
Dr. Watson,Brandon,Crawford,543063,2014-07-01,2014_07_01_slnmlb_sfnmlb_1,F,0,0,0,0,0,0,0,0,0,3,1
Dr. Watson,Brandon,Crawford,543063,2014-07-02,2014_07_02_slnmlb_sfnmlb_1,F,0,0,0,0,0,0,0,0,0,3,0
Dr. Watson,Brandon,Crawford,543063,2014-07-03,2014_07_03_slnmlb_sfnmlb_1,F,0,0,0,0,0,0,0,0,1,2,0
Dr. Watson,Brandon,Crawford,543063,2014-07-04,2014_07_04_sfnmlb_sdnmlb_1,F,0,0,0,0,0,0,0,0,0,2,1
Dr. Watson,Brandon,Crawford,543063,2014-07-05,2014_07_05_sfnmlb_sdnmlb_1,F,0,0,0,0,0,0,0,0,0,2,1
Dr. Watson,Brandon,Crawford,543063,2014-07-06,2014_07_06_sfnmlb_sdnmlb_1,F,0,0,0,0,0,0,0,0,0,1,1
Dr. Watson,Brandon,Crawford,543063,2014-07-07,2014_07_07_sfnmlb_oakmlb_1,F,0,0,0,0,0,0,0,0,1,2,0
Dr. Watson,Brandon,Crawford,543063,2014-07-08,2014_07_08_sfnmlb_oakmlb_1,F,0,0,0,0,0,0,0,0,1,5,0
Dr. Watson,Brandon,Crawford,543063,2014-07-09,2014_07_09_oakmlb_sfnmlb_1,F,0,0,0,0,0,0,0,0,2,3,0
Dr. Watson,Brandon,Crawford,543063,2014-07-10,2014_07_10_oakmlb_sfnmlb_1,F,0,0,0,0,0,0,0,0,0,2,0
Dr. Watson,Brandon,Crawford,543063,2014-07-11,2014_07_11_arimlb_sfnmlb_1,F,0,0,0,0,0,0,0,0,1,1,1
Dr. Watson,Brian,McCann,435263,2014-07-01,2014_07_01_tbamlb_nyamlb_1,F,0,0,0,0,0,0,0,0,0,0,0
Dr. Watson,Brian,McCann,435263,2014-07-02,2014_07_02_tbamlb_nyamlb_1,F,0,0,0,0,0,0,1,0,2,0,1
Dr. Watson,Brian,McCann,435263,2014-07-03,2014_07_03_nyamlb_minmlb_1,F,0,0,0,0,0,0,0,0,1,1,0
Dr. Watson,Brian,McCann,435263,2014-07-06,2014_07_06_nyamlb_minmlb_1,F,0,0,0,0,0,0,0,0,1,0,0
Dr. Watson,Brian,McCann,435263,2014-07-07,2014_07_07_nyamlb_clemlb_1,F,0,0,0,0,0,0,0,0,3,0,0
Dr. Watson,Brian,McCann,435263,2014-07-08,2014_07_08_nyamlb_clemlb_1,F,0,0,0,0,0,0,0,0,1,0,0
Dr. Watson,Brian,McCann,435263,2014-07-09,2014_07_09_nyamlb_clemlb_1,F,0,0,0,0,0,0,0,0,1,2,0
Dr. Watson,Brian,McCann,435263,2014-07-10,2014_07_10_nyamlb_clemlb_1,F,0,0,0,0,0,0,0,0,0,0,1
Dr. Watson,Brian,McCann,435263,2014-07-11,2014_07_11_nyamlb_balmlb_1,F,0,0,0,0,0,0,0,0,2,0,0
Dr. Watson,Brian,McCann,435263,2014-07-12,2014_07_12_nyamlb_balmlb_1,F,0,0,0,0,0,0,0,0,3,0,0
Dr. Watson,Adam,Wainwright,425794,2014-07-02,2014_07_02_slnmlb_sfnmlb_1,F,1,1,0,0,1,2,0,0,0,0,0
Dr. Watson,Adam,Wainwright,425794,2014-07-07,2014_07_07_pitmlb_slnmlb_1,F,1,0,0,0,1,2,0,0,0,0,0
Dr. Watson,Adam,Wainwright,425794,2014-07-12,2014_07_12_slnmlb_milmlb_1,F,1,1,0,2,1,0,0,0,0,0,0
Dr. Watson,Jered,Weaver,450308,2014-07-01,2014_07_01_anamlb_chamlb_2,F,1,1,0,5,0,0,0,0,0,0,0
Dr. Watson,Jered,Weaver,450308,2014-07-07,2014_07_07_tormlb_anamlb_1,F,1,0,0,0,0,0,0,0,0,0,0
Dr. Watson,Jered,Weaver,450308,2014-07-12,2014_07_12_anamlb_texmlb_1,F,1,1,0,2,1,0,0,0,0,0,0
Dr. Watson,Kenley,Jansen,445276,2014-07-03,2014_07_03_lanmlb_colmlb_1,F,1,0,1,0,0,0,0,0,0,0,0
Dr. Watson,Kenley,Jansen,445276,2014-07-11,2014_07_11_sdnmlb_lanmlb_1,F,1,0,0,0,0,0,0,0,0,0,0
Dr. Watson,Kenley,Jansen,445276,2014-07-12,2014_07_12_sdnmlb_lanmlb_1,F,1,1,0,0,0,0,0,0,0,0,0
Dr. Watson,C.J.,Wilson,450351,2014-07-04,2014_07_04_houmlb_anamlb_1,F,1,0,0,6,0,0,0,0,0,0,0
Dr. Watson,C.J.,Wilson,450351,2014-07-09,2014_07_09_tormlb_anamlb_1,F,1,0,0,3,0,0,0,0,0,0,0
Dr. Watson,Zack,Wheeler,554430,2014-07-06,2014_07_06_texmlb_nynmlb_1,F,1,1,0,1,1,0,0,0,0,0,0
Dr. Watson,Zack,Wheeler,554430,2014-07-11,2014_07_11_miamlb_nynmlb_1,F,1,1,0,1,1,0,0,0,0,0,0
Dr. Watson,Travis,Wood,475243,2014-07-02,2014_07_02_chnmlb_bosmlb_1,F,1,0,0,3,0,0,0,0,0,0,0
Dr. Watson,Travis,Wood,475243,2014-07-08,2014_07_08_chnmlb_cinmlb_1,F,1,0,0,3,0,1,0,0,0,0,0
Buena Vista Bridesmaids,Paul,Goldschmidt,502671,2014-07-01,2014_07_01_arimlb_pitmlb_1,F,0,0,0,0,0,0,0,1,2,0,1
Buena Vista Bridesmaids,Paul,Goldschmidt,502671,2014-07-02,2014_07_02_arimlb_pitmlb_1,F,0,0,0,0,0,0,0,0,3,0,0
Buena Vista Bridesmaids,Paul,Goldschmidt,502671,2014-07-03,2014_07_03_arimlb_pitmlb_1,F,0,0,0,0,0,0,0,0,2,1,1
Buena Vista Bridesmaids,Paul,Goldschmidt,502671,2014-07-04,2014_07_04_arimlb_atlmlb_1,F,0,0,0,0,0,0,0,0,1,2,0
Buena Vista Bridesmaids,Paul,Goldschmidt,502671,2014-07-05,2014_07_05_arimlb_atlmlb_1,F,0,0,0,0,0,0,0,0,1,0,0
Buena Vista Bridesmaids,Paul,Goldschmidt,502671,2014-07-06,2014_07_06_arimlb_atlmlb_1,F,0,0,0,0,0,0,1,0,2,0,1
Buena Vista Bridesmaids,Paul,Goldschmidt,502671,2014-07-07,2014_07_07_miamlb_arimlb_1,F,0,0,0,0,0,0,0,0,2,0,1
Buena Vista Bridesmaids,Paul,Goldschmidt,502671,2014-07-08,2014_07_08_miamlb_arimlb_1,F,0,0,0,0,0,0,0,0,1,0,1
Buena Vista Bridesmaids,Paul,Goldschmidt,502671,2014-07-09,2014_07_09_miamlb_arimlb_1,F,0,0,0,0,0,0,0,0,1,1,2
Buena Vista Bridesmaids,Paul,Goldschmidt,502671,2014-07-11,2014_07_11_arimlb_sfnmlb_1,F,0,0,0,0,0,0,0,0,1,0,1
Buena Vista Bridesmaids,Paul,Goldschmidt,502671,2014-07-12,2014_07_12_arimlb_sfnmlb_1,F,0,0,0,0,0,0,0,0,1,1,0
Buena Vista Bridesmaids,Anthony,Rendon,543685,2014-07-01,2014_07_01_colmlb_wasmlb_1,F,0,0,0,0,0,0,0,0,1,2,1
Buena Vista Bridesmaids,Anthony,Rendon,543685,2014-07-02,2014_07_02_colmlb_wasmlb_1,F,0,0,0,0,0,0,0,1,1,1,0
Buena Vista Bridesmaids,Anthony,Rendon,543685,2014-07-04,2014_07_04_chnmlb_wasmlb_1,F,0,0,0,0,0,0,0,0,1,1,0
Buena Vista Bridesmaids,Anthony,Rendon,543685,2014-07-05,2014_07_05_chnmlb_wasmlb_1,F,0,0,0,0,0,0,0,1,3,2,1
Buena Vista Bridesmaids,Anthony,Rendon,543685,2014-07-06,2014_07_06_chnmlb_wasmlb_1,F,0,0,0,0,0,0,0,0,0,2,0
Buena Vista Bridesmaids,Anthony,Rendon,543685,2014-07-07,2014_07_07_balmlb_wasmlb_1,F,0,0,0,0,0,0,1,0,2,2,0
Buena Vista Bridesmaids,Anthony,Rendon,543685,2014-07-08,2014_07_08_balmlb_wasmlb_1,DR,0,0,0,0,0,0,0,0,0,0,0
Buena Vista Bridesmaids,Anthony,Rendon,543685,2014-07-09,2014_07_09_wasmlb_balmlb_1,F,0,0,0,0,0,0,0,0,1,5,0
Buena Vista Bridesmaids,Anthony,Rendon,543685,2014-07-10,2014_07_10_wasmlb_balmlb_1,F,0,0,0,0,0,0,0,0,2,1,0
Buena Vista Bridesmaids,Anthony,Rendon,543685,2014-07-11,2014_07_11_wasmlb_phimlb_1,F,0,0,0,0,0,0,0,0,0,3,1
Buena Vista Bridesmaids,Anthony,Rendon,543685,2014-07-12,2014_07_12_wasmlb_phimlb_1,F,0,0,0,0,0,0,0,0,1,0,1
Buena Vista Bridesmaids,Albert,Pujols,405395,2014-07-01,2014_07_01_anamlb_chamlb_1,F,0,0,0,0,0,0,1,0,1,2,0
Buena Vista Bridesmaids,Albert,Pujols,405395,2014-07-01,2014_07_01_anamlb_chamlb_2,F,0,0,0,0,0,0,0,0,0,0,1
Buena Vista Bridesmaids,Albert,Pujols,405395,2014-07-02,2014_07_02_anamlb_chamlb_1,F,0,0,0,0,0,0,0,0,0,0,0
Buena Vista Bridesmaids,Albert,Pujols,405395,2014-07-03,2014_07_03_houmlb_anamlb_1,F,0,0,0,0,0,0,0,0,1,1,0
Buena Vista Bridesmaids,Albert,Pujols,405395,2014-07-04,2014_07_04_houmlb_anamlb_1,F,0,0,0,0,0,0,1,1,3,0,0
Buena Vista Bridesmaids,Albert,Pujols,405395,2014-07-05,2014_07_05_houmlb_anamlb_1,F,0,0,0,0,0,0,1,0,3,2,0
Buena Vista Bridesmaids,Albert,Pujols,405395,2014-07-06,2014_07_06_houmlb_anamlb_1,F,0,0,0,0,0,0,0,0,2,0,1
Buena Vista Bridesmaids,Albert,Pujols,405395,2014-07-07,2014_07_07_tormlb_anamlb_1,F,0,0,0,0,0,0,0,0,2,0,0
Buena Vista Bridesmaids,Albert,Pujols,405395,2014-07-08,2014_07_08_tormlb_anamlb_1,F,0,0,0,0,0,0,0,0,0,0,0
Buena Vista Bridesmaids,Albert,Pujols,405395,2014-07-09,2014_07_09_tormlb_anamlb_1,F,0,0,0,0,0,0,1,0,2,0,0
Buena Vista Bridesmaids,Albert,Pujols,405395,2014-07-10,2014_07_10_anamlb_texmlb_1,F,0,0,0,0,0,0,0,0,2,0,0
Buena Vista Bridesmaids,Albert,Pujols,405395,2014-07-11,2014_07_11_anamlb_texmlb_1,F,0,0,0,0,0,0,0,0,2,2,0
Buena Vista Bridesmaids,Albert,Pujols,405395,2014-07-12,2014_07_12_anamlb_texmlb_1,F,0,0,0,0,0,0,0,0,1,0,0
Buena Vista Bridesmaids,Brett,Gardner,458731,2014-07-01,2014_07_01_tbamlb_nyamlb_1,F,0,0,0,0,0,0,0,0,0,0,1
Buena Vista Bridesmaids,Brett,Gardner,458731,2014-07-02,2014_07_02_tbamlb_nyamlb_1,F,0,0,0,0,0,0,1,0,3,1,0
Buena Vista Bridesmaids,Brett,Gardner,458731,2014-07-03,2014_07_03_nyamlb_minmlb_1,F,0,0,0,0,0,0,0,0,1,0,0
Buena Vista Bridesmaids,Brett,Gardner,458731,2014-07-04,2014_07_04_nyamlb_minmlb_1,F,0,0,0,0,0,0,0,0,1,0,1
Buena Vista Bridesmaids,Brett,Gardner,458731,2014-07-05,2014_07_05_nyamlb_minmlb_1,F,0,0,0,0,0,0,0,0,0,0,0
Buena Vista Bridesmaids,Brett,Gardner,458731,2014-07-06,2014_07_06_nyamlb_minmlb_1,F,0,0,0,0,0,0,0,0,0,0,2
Buena Vista Bridesmaids,Brett,Gardner,458731,2014-07-07,2014_07_07_nyamlb_clemlb_1,F,0,0,0,0,0,0,0,0,3,0,0
Buena Vista Bridesmaids,Brett,Gardner,458731,2014-07-08,2014_07_08_nyamlb_clemlb_1,F,0,0,0,0,0,0,0,0,0,0,1
Buena Vista Bridesmaids,Brett,Gardner,458731,2014-07-10,2014_07_10_nyamlb_clemlb_1,F,0,0,0,0,0,0,0,0,1,0,0
Buena Vista Bridesmaids,Brett,Gardner,458731,2014-07-11,2014_07_11_nyamlb_balmlb_1,F,0,0,0,0,0,0,0,0,0,0,0
Buena Vista Bridesmaids,Brett,Gardner,458731,2014-07-12,2014_07_12_nyamlb_balmlb_1,F,0,0,0,0,0,0,0,0,0,0,1
Buena Vista Bridesmaids,Jonathan,Lucroy,518960,2014-07-01,2014_07_01_milmlb_tormlb_1,F,0,0,0,0,0,0,0,0,0,1,1
Buena Vista Bridesmaids,Jonathan,Lucroy,518960,2014-07-02,2014_07_02_milmlb_tormlb_1,F,0,0,0,0,0,0,0,0,1,1,0
Buena Vista Bridesmaids,Jonathan,Lucroy,518960,2014-07-04,2014_07_04_milmlb_cinmlb_1,F,0,0,0,0,0,0,1,0,2,0,0
Buena Vista Bridesmaids,Jonathan,Lucroy,518960,2014-07-05,2014_07_05_milmlb_cinmlb_1,F,0,0,0,0,0,0,0,0,1,0,1
Buena Vista Bridesmaids,Jonathan,Lucroy,518960,2014-07-06,2014_07_06_milmlb_cinmlb_1,F,0,0,0,0,0,0,0,0,0,1,0
Buena Vista Bridesmaids,Jonathan,Lucroy,518960,2014-07-07,2014_07_07_phimlb_milmlb_1,F,0,0,0,0,0,0,0,0,0,1,1
Buena Vista Bridesmaids,Jonathan,Lucroy,518960,2014-07-08,2014_07_08_phimlb_milmlb_1,F,0,0,0,0,0,0,0,0,2,0,0
Buena Vista Bridesmaids,Jonathan,Lucroy,518960,2014-07-10,2014_07_10_phimlb_milmlb_1,F,0,0,0,0,0,0,0,0,0,0,0
Buena Vista Bridesmaids,Jonathan,Lucroy,518960,2014-07-11,2014_07_11_slnmlb_milmlb_1,F,0,0,0,0,0,0,0,0,0,0,1
Buena Vista Bridesmaids,Jonathan,Lucroy,518960,2014-07-12,2014_07_12_slnmlb_milmlb_1,F,0,0,0,0,0,0,0,0,0,0,0
Buena Vista Bridesmaids,Dustin,Pedroia,456030,2014-07-01,2014_07_01_chnmlb_bosmlb_1,F,0,0,0,0,0,0,0,0,3,6,0
Buena Vista Bridesmaids,Dustin,Pedroia,456030,2014-07-02,2014_07_02_chnmlb_bosmlb_1,F,0,0,0,0,0,0,0,0,3,1,1
Buena Vista Bridesmaids,Dustin,Pedroia,456030,2014-07-05,2014_07_05_balmlb_bosmlb_1,F,0,0,0,0,0,0,0,0,1,2,0
Buena Vista Bridesmaids,Dustin,Pedroia,456030,2014-07-05,2014_07_05_balmlb_bosmlb_2,F,0,0,0,0,0,0,0,0,0,0,1
Buena Vista Bridesmaids,Dustin,Pedroia,456030,2014-07-06,2014_07_06_balmlb_bosmlb_1,F,0,0,0,0,0,0,0,0,3,5,0
Buena Vista Bridesmaids,Dustin,Pedroia,456030,2014-07-07,2014_07_07_chamlb_bosmlb_1,F,0,0,0,0,0,0,0,0,0,3,0
Buena Vista Bridesmaids,Dustin,Pedroia,456030,2014-07-08,2014_07_08_chamlb_bosmlb_1,F,0,0,0,0,0,0,0,0,2,3,0
Buena Vista Bridesmaids,Dustin,Pedroia,456030,2014-07-09,2014_07_09_chamlb_bosmlb_1,F,0,0,0,0,0,0,0,0,1,1,0
Buena Vista Bridesmaids,Dustin,Pedroia,456030,2014-07-10,2014_07_10_chamlb_bosmlb_1,F,0,0,0,0,0,0,0,0,0,0,0
Buena Vista Bridesmaids,Dustin,Pedroia,456030,2014-07-11,2014_07_11_bosmlb_houmlb_1,F,0,0,0,0,0,0,0,0,1,2,1
Buena Vista Bridesmaids,Dustin,Pedroia,456030,2014-07-12,2014_07_12_bosmlb_houmlb_1,F,0,0,0,0,0,0,0,0,1,1,0
Buena Vista Bridesmaids,Kole,Calhoun,594777,2014-07-01,2014_07_01_anamlb_chamlb_1,F,0,0,0,0,0,0,0,0,0,0,2
Buena Vista Bridesmaids,Kole,Calhoun,594777,2014-07-01,2014_07_01_anamlb_chamlb_2,F,0,0,0,0,0,0,1,0,2,0,1
Buena Vista Bridesmaids,Kole,Calhoun,594777,2014-07-02,2014_07_02_anamlb_chamlb_1,F,0,0,0,0,0,0,0,0,0,0,0
Buena Vista Bridesmaids,Kole,Calhoun,594777,2014-07-04,2014_07_04_houmlb_anamlb_1,F,0,0,0,0,0,0,0,0,0,0,0
Buena Vista Bridesmaids,Kole,Calhoun,594777,2014-07-05,2014_07_05_houmlb_anamlb_1,F,0,0,0,0,0,0,0,0,3,0,0
Buena Vista Bridesmaids,Kole,Calhoun,594777,2014-07-06,2014_07_06_houmlb_anamlb_1,F,0,0,0,0,0,0,1,0,3,0,1
Buena Vista Bridesmaids,Kole,Calhoun,594777,2014-07-07,2014_07_07_tormlb_anamlb_1,F,0,0,0,0,0,0,0,0,1,0,1
Buena Vista Bridesmaids,Kole,Calhoun,594777,2014-07-08,2014_07_08_tormlb_anamlb_1,F,0,0,0,0,0,0,0,0,0,1,0
Buena Vista Bridesmaids,Kole,Calhoun,594777,2014-07-09,2014_07_09_tormlb_anamlb_1,F,0,0,0,0,0,0,1,0,1,0,1
Buena Vista Bridesmaids,Kole,Calhoun,594777,2014-07-10,2014_07_10_anamlb_texmlb_1,F,0,0,0,0,0,0,0,0,4,0,0
Buena Vista Bridesmaids,Kole,Calhoun,594777,2014-07-11,2014_07_11_anamlb_texmlb_1,F,0,0,0,0,0,0,0,0,1,0,0
Buena Vista Bridesmaids,Kole,Calhoun,594777,2014-07-12,2014_07_12_anamlb_texmlb_1,F,0,0,0,0,0,0,0,0,0,0,1
Buena Vista Bridesmaids,Ben,Zobrist,450314,2014-07-01,2014_07_01_tbamlb_nyamlb_1,F,0,0,0,0,0,0,0,0,0,1,1
Buena Vista Bridesmaids,Ben,Zobrist,450314,2014-07-02,2014_07_02_tbamlb_nyamlb_1,F,0,0,0,0,0,0,0,0,3,0,0
Buena Vista Bridesmaids,Ben,Zobrist,450314,2014-07-03,2014_07_03_tbamlb_detmlb_1,F,0,0,0,0,0,0,0,0,0,2,0
Buena Vista Bridesmaids,Ben,Zobrist,450314,2014-07-04,2014_07_04_tbamlb_detmlb_1,F,0,0,0,0,0,0,0,0,2,2,0
Buena Vista Bridesmaids,Ben,Zobrist,450314,2014-07-05,2014_07_05_tbamlb_detmlb_1,F,0,0,0,0,0,0,0,0,2,4,0
Buena Vista Bridesmaids,Ben,Zobrist,450314,2014-07-06,2014_07_06_tbamlb_detmlb_1,F,0,0,0,0,0,0,0,0,4,2,0
Buena Vista Bridesmaids,Ben,Zobrist,450314,2014-07-07,2014_07_07_kcamlb_tbamlb_1,F,0,0,0,0,0,0,0,0,2,2,1
Buena Vista Bridesmaids,Ben,Zobrist,450314,2014-07-08,2014_07_08_kcamlb_tbamlb_1,F,0,0,0,0,0,0,0,0,1,1,0
Buena Vista Bridesmaids,Ben,Zobrist,450314,2014-07-09,2014_07_09_kcamlb_tbamlb_1,F,0,0,0,0,0,0,0,0,0,3,3
Buena Vista Bridesmaids,Ben,Zobrist,450314,2014-07-11,2014_07_11_tormlb_tbamlb_1,F,0,0,0,0,0,0,0,0,2,0,0
Buena Vista Bridesmaids,Ben,Zobrist,450314,2014-07-12,2014_07_12_tormlb_tbamlb_1,F,0,0,0,0,0,0,0,0,1,0,1
Buena Vista Bridesmaids,Zack,Greinke,425844,2014-07-03,2014_07_03_lanmlb_colmlb_1,F,1,1,0,1,1,2,0,0,0,0,0
Buena Vista Bridesmaids,Zack,Greinke,425844,2014-07-09,2014_07_09_lanmlb_detmlb_1,F,1,0,0,3,1,1,0,0,0,0,0
Buena Vista Bridesmaids,Craig,Kimbrel,518886,2014-07-01,2014_07_01_nynmlb_atlmlb_1,F,1,0,1,0,0,0,0,0,0,0,0
Buena Vista Bridesmaids,Craig,Kimbrel,518886,2014-07-04,2014_07_04_arimlb_atlmlb_1,F,1,0,1,0,0,0,0,0,0,0,0
Buena Vista Bridesmaids,Craig,Kimbrel,518886,2014-07-10,2014_07_10_atlmlb_nynmlb_1,F,1,0,1,0,0,0,0,0,0,0,0
Buena Vista Bridesmaids,Matt,Garza,490063,2014-07-05,2014_07_05_milmlb_cinmlb_1,F,1,1,0,0,1,1,0,0,0,0,0
Buena Vista Bridesmaids,Matt,Garza,490063,2014-07-10,2014_07_10_phimlb_milmlb_1,F,1,0,0,2,1,0,0,0,0,0,0
Buena Vista Bridesmaids,Gio,Gonzalez,461829,2014-07-05,2014_07_05_chnmlb_wasmlb_1,F,1,1,0,0,1,0,0,0,0,0,0
Buena Vista Bridesmaids,Gio,Gonzalez,461829,2014-07-10,2014_07_10_wasmlb_balmlb_1,F,1,0,0,3,1,1,0,0,0,0,0
Buena Vista Bridesmaids,Yovani,Gallardo,451596,2014-07-06,2014_07_06_milmlb_cinmlb_1,F,1,0,0,2,1,0,0,0,0,0,0
Buena Vista Bridesmaids,Yovani,Gallardo,451596,2014-07-11,2014_07_11_slnmlb_milmlb_1,F,1,0,0,5,0,1,0,0,0,0,0
Buena Vista Bridesmaids,Miguel,Gonzalez,456068,2014-07-05,2014_07_05_balmlb_bosmlb_1,F,1,0,0,1,1,1,0,0,0,0,0
Buena Vista Bridesmaids,Miguel,Gonzalez,456068,2014-07-11,2014_07_11_nyamlb_balmlb_1,F,1,0,0,2,1,0,0,0,0,0,0
Damnedest of the Nice,Nelson,Cruz,443558,2014-07-01,2014_07_01_texmlb_balmlb_1,F,0,0,0,0,0,0,1,0,1,0,0
Damnedest of the Nice,Nelson,Cruz,443558,2014-07-02,2014_07_02_texmlb_balmlb_1,F,0,0,0,0,0,0,0,0,1,0,0
Damnedest of the Nice,Nelson,Cruz,443558,2014-07-03,2014_07_03_texmlb_balmlb_1,F,0,0,0,0,0,0,0,1,0,0,2
Damnedest of the Nice,Nelson,Cruz,443558,2014-07-05,2014_07_05_balmlb_bosmlb_1,F,0,0,0,0,0,0,0,0,0,0,0
Damnedest of the Nice,Nelson,Cruz,443558,2014-07-05,2014_07_05_balmlb_bosmlb_2,F,0,0,0,0,0,0,1,1,5,0,0
Damnedest of the Nice,Nelson,Cruz,443558,2014-07-06,2014_07_06_balmlb_bosmlb_1,F,0,0,0,0,0,0,0,0,3,0,0
Damnedest of the Nice,Nelson,Cruz,443558,2014-07-07,2014_07_07_balmlb_wasmlb_1,F,0,0,0,0,0,0,1,0,3,0,0
Damnedest of the Nice,Nelson,Cruz,443558,2014-07-08,2014_07_08_balmlb_wasmlb_1,DR,0,0,0,0,0,0,0,0,0,0,0
Damnedest of the Nice,Nelson,Cruz,443558,2014-07-09,2014_07_09_wasmlb_balmlb_1,F,0,0,0,0,0,0,0,0,0,0,1
Damnedest of the Nice,Nelson,Cruz,443558,2014-07-10,2014_07_10_wasmlb_balmlb_1,F,0,0,0,0,0,0,0,0,1,0,0
Damnedest of the Nice,Nelson,Cruz,443558,2014-07-11,2014_07_11_nyamlb_balmlb_1,F,0,0,0,0,0,0,0,0,0,0,0
Damnedest of the Nice,Nelson,Cruz,443558,2014-07-12,2014_07_12_nyamlb_balmlb_1,F,0,0,0,0,0,0,0,0,0,0,0
Damnedest of the Nice,Giancarlo,Stanton,519317,2014-07-01,2014_07_01_phimlb_miamlb_1,F,0,0,0,0,0,0,0,0,2,0,2
Damnedest of the Nice,Giancarlo,Stanton,519317,2014-07-02,2014_07_02_phimlb_miamlb_1,F,0,0,0,0,0,0,0,1,0,0,1
Damnedest of the Nice,Giancarlo,Stanton,519317,2014-07-03,2014_07_03_phimlb_miamlb_1,F,0,0,0,0,0,0,0,0,1,0,0
Damnedest of the Nice,Giancarlo,Stanton,519317,2014-07-04,2014_07_04_miamlb_slnmlb_1,F,0,0,0,0,0,0,0,0,0,0,1
Damnedest of the Nice,Giancarlo,Stanton,519317,2014-07-05,2014_07_05_miamlb_slnmlb_1,F,0,0,0,0,0,0,0,0,1,0,0
Damnedest of the Nice,Giancarlo,Stanton,519317,2014-07-06,2014_07_06_miamlb_slnmlb_1,F,0,0,0,0,0,0,0,0,2,0,1
Damnedest of the Nice,Giancarlo,Stanton,519317,2014-07-07,2014_07_07_miamlb_arimlb_1,F,0,0,0,0,0,0,0,0,0,0,0
Damnedest of the Nice,Giancarlo,Stanton,519317,2014-07-08,2014_07_08_miamlb_arimlb_1,F,0,0,0,0,0,0,0,0,0,0,1
Damnedest of the Nice,Giancarlo,Stanton,519317,2014-07-09,2014_07_09_miamlb_arimlb_1,F,0,0,0,0,0,0,0,0,0,0,0
Damnedest of the Nice,Giancarlo,Stanton,519317,2014-07-11,2014_07_11_miamlb_nynmlb_1,F,0,0,0,0,0,0,0,0,1,0,1
Damnedest of the Nice,Giancarlo,Stanton,519317,2014-07-12,2014_07_12_miamlb_nynmlb_1,F,0,0,0,0,0,0,0,0,0,0,0
Damnedest of the Nice,Jose,Altuve,514888,2014-07-01,2014_07_01_seamlb_houmlb_1,F,0,0,0,0,0,0,0,0,2,3,0
Damnedest of the Nice,Jose,Altuve,514888,2014-07-02,2014_07_02_seamlb_houmlb_1,F,0,0,0,0,0,0,0,0,0,4,0
Damnedest of the Nice,Jose,Altuve,514888,2014-07-03,2014_07_03_houmlb_anamlb_1,F,0,0,0,0,0,0,0,0,3,2,0
Damnedest of the Nice,Jose,Altuve,514888,2014-07-04,2014_07_04_houmlb_anamlb_1,F,0,0,0,0,0,0,0,0,0,4,0
Damnedest of the Nice,Jose,Altuve,514888,2014-07-05,2014_07_05_houmlb_anamlb_1,F,0,0,0,0,0,0,0,0,0,1,1
Damnedest of the Nice,Jose,Altuve,514888,2014-07-06,2014_07_06_houmlb_anamlb_1,F,0,0,0,0,0,0,0,1,1,2,0
Damnedest of the Nice,Jose,Altuve,514888,2014-07-07,2014_07_07_houmlb_texmlb_1,F,0,0,0,0,0,0,0,1,2,2,0
Damnedest of the Nice,Jose,Altuve,514888,2014-07-08,2014_07_08_houmlb_texmlb_1,F,0,0,0,0,0,0,0,2,2,2,1
Damnedest of the Nice,Jose,Altuve,514888,2014-07-09,2014_07_09_houmlb_texmlb_1,F,0,0,0,0,0,0,0,0,1,5,0
Damnedest of the Nice,Jose,Altuve,514888,2014-07-11,2014_07_11_bosmlb_houmlb_1,F,0,0,0,0,0,0,0,0,1,5,0
Damnedest of the Nice,Jose,Altuve,514888,2014-07-12,2014_07_12_bosmlb_houmlb_1,F,0,0,0,0,0,0,0,0,2,3,0
Damnedest of the Nice,Dee,Gordon,543829,2014-07-01,2014_07_01_clemlb_lanmlb_1,F,0,0,0,0,0,0,0,0,3,3,1
Damnedest of the Nice,Dee,Gordon,543829,2014-07-02,2014_07_02_clemlb_lanmlb_1,F,0,0,0,0,0,0,0,0,0,1,1
Damnedest of the Nice,Dee,Gordon,543829,2014-07-03,2014_07_03_lanmlb_colmlb_1,F,0,0,0,0,0,0,0,0,1,2,0
Damnedest of the Nice,Dee,Gordon,543829,2014-07-04,2014_07_04_lanmlb_colmlb_1,F,0,0,0,0,0,0,0,1,3,2,1
Damnedest of the Nice,Dee,Gordon,543829,2014-07-05,2014_07_05_lanmlb_colmlb_1,F,0,0,0,0,0,0,0,1,1,0,0
Damnedest of the Nice,Dee,Gordon,543829,2014-07-06,2014_07_06_lanmlb_colmlb_1,F,0,0,0,0,0,0,0,0,2,7,0
Damnedest of the Nice,Dee,Gordon,543829,2014-07-08,2014_07_08_lanmlb_detmlb_1,F,0,0,0,0,0,0,0,0,0,2,0
Damnedest of the Nice,Dee,Gordon,543829,2014-07-09,2014_07_09_lanmlb_detmlb_1,F,0,0,0,0,0,0,0,0,1,2,0
Damnedest of the Nice,Dee,Gordon,543829,2014-07-10,2014_07_10_sdnmlb_lanmlb_1,F,0,0,0,0,0,0,0,0,1,2,0
Damnedest of the Nice,Dee,Gordon,543829,2014-07-11,2014_07_11_sdnmlb_lanmlb_1,F,0,0,0,0,0,0,0,0,1,6,0
Damnedest of the Nice,Dee,Gordon,543829,2014-07-12,2014_07_12_sdnmlb_lanmlb_1,F,0,0,0,0,0,0,0,0,0,4,0
Damnedest of the Nice,Jose,Abreu,547989,2014-07-01,2014_07_01_anamlb_chamlb_1,F,0,0,0,0,0,0,1,0,1,3,1
Damnedest of the Nice,Jose,Abreu,547989,2014-07-01,2014_07_01_anamlb_chamlb_2,F,0,0,0,0,0,0,0,0,1,0,0
Damnedest of the Nice,Jose,Abreu,547989,2014-07-02,2014_07_02_anamlb_chamlb_1,F,0,0,0,0,0,0,0,0,1,0,1
Damnedest of the Nice,Jose,Abreu,547989,2014-07-04,2014_07_04_seamlb_chamlb_1,F,0,0,0,0,0,0,1,0,1,1,0
Damnedest of the Nice,Jose,Abreu,547989,2014-07-05,2014_07_05_seamlb_chamlb_1,F,0,0,0,0,0,0,0,0,0,0,0
Damnedest of the Nice,Jose,Abreu,547989,2014-07-06,2014_07_06_seamlb_chamlb_1,F,0,0,0,0,0,0,0,0,1,1,0
Damnedest of the Nice,Jose,Abreu,547989,2014-07-07,2014_07_07_chamlb_bosmlb_1,F,0,0,0,0,0,0,0,0,1,2,0
Damnedest of the Nice,Jose,Abreu,547989,2014-07-08,2014_07_08_chamlb_bosmlb_1,F,0,0,0,0,0,0,0,0,3,1,1
Damnedest of the Nice,Jose,Abreu,547989,2014-07-09,2014_07_09_chamlb_bosmlb_1,F,0,0,0,0,0,0,1,0,2,1,0
Damnedest of the Nice,Jose,Abreu,547989,2014-07-10,2014_07_10_chamlb_bosmlb_1,F,0,0,0,0,0,0,0,1,2,1,1
Damnedest of the Nice,Jose,Abreu,547989,2014-07-11,2014_07_11_chamlb_clemlb_1,F,0,0,0,0,0,0,0,0,1,1,0
Damnedest of the Nice,Jose,Abreu,547989,2014-07-12,2014_07_12_chamlb_clemlb_1,F,0,0,0,0,0,0,1,0,1,0,1
Damnedest of the Nice,Todd,Frazier,453943,2014-07-01,2014_07_01_cinmlb_sdnmlb_1,F,0,0,0,0,0,0,0,1,1,1,1
Damnedest of the Nice,Todd,Frazier,453943,2014-07-02,2014_07_02_cinmlb_sdnmlb_1,F,0,0,0,0,0,0,0,0,2,0,0
Damnedest of the Nice,Todd,Frazier,453943,2014-07-04,2014_07_04_milmlb_cinmlb_1,F,0,0,0,0,0,0,0,0,2,1,0
Damnedest of the Nice,Todd,Frazier,453943,2014-07-05,2014_07_05_milmlb_cinmlb_1,F,0,0,0,0,0,0,0,0,0,4,0
Damnedest of the Nice,Todd,Frazier,453943,2014-07-06,2014_07_06_milmlb_cinmlb_1,F,0,0,0,0,0,0,0,0,2,1,0
Damnedest of the Nice,Todd,Frazier,453943,2014-07-07,2014_07_07_chnmlb_cinmlb_1,F,0,0,0,0,0,0,0,0,2,2,0
Damnedest of the Nice,Todd,Frazier,453943,2014-07-08,2014_07_08_chnmlb_cinmlb_1,F,0,0,0,0,0,0,0,0,0,0,0
Damnedest of the Nice,Todd,Frazier,453943,2014-07-08,2014_07_08_chnmlb_cinmlb_2,F,0,0,0,0,0,0,0,0,1,0,0
Damnedest of the Nice,Todd,Frazier,453943,2014-07-09,2014_07_09_chnmlb_cinmlb_1,F,0,0,0,0,0,0,0,0,1,0,0
Damnedest of the Nice,Todd,Frazier,453943,2014-07-10,2014_07_10_chnmlb_cinmlb_1,F,0,0,0,0,0,0,0,0,1,0,1
Damnedest of the Nice,Todd,Frazier,453943,2014-07-11,2014_07_11_pitmlb_cinmlb_1,F,0,0,0,0,0,0,0,0,1,1,0
Damnedest of the Nice,Todd,Frazier,453943,2014-07-12,2014_07_12_pitmlb_cinmlb_1,F,0,0,0,0,0,0,1,1,2,2,1
Damnedest of the Nice,Kyle,Seager,572122,2014-07-01,2014_07_01_seamlb_houmlb_1,F,0,0,0,0,0,0,1,0,3,1,1
Damnedest of the Nice,Kyle,Seager,572122,2014-07-02,2014_07_02_seamlb_houmlb_1,F,0,0,0,0,0,0,0,0,2,1,1
Damnedest of the Nice,Kyle,Seager,572122,2014-07-04,2014_07_04_seamlb_chamlb_1,F,0,0,0,0,0,0,0,0,1,3,0
Damnedest of the Nice,Kyle,Seager,572122,2014-07-05,2014_07_05_seamlb_chamlb_1,F,0,0,0,0,0,0,0,0,0,4,1
Damnedest of the Nice,Kyle,Seager,572122,2014-07-06,2014_07_06_seamlb_chamlb_1,F,0,0,0,0,0,0,0,0,0,5,0
Damnedest of the Nice,Kyle,Seager,572122,2014-07-07,2014_07_07_minmlb_seamlb_1,F,0,0,0,0,0,0,0,0,0,1,0
Damnedest of the Nice,Kyle,Seager,572122,2014-07-08,2014_07_08_minmlb_seamlb_1,F,0,0,0,0,0,0,0,0,1,0,0
Damnedest of the Nice,Kyle,Seager,572122,2014-07-09,2014_07_09_minmlb_seamlb_1,F,0,0,0,0,0,0,0,0,2,3,1
Damnedest of the Nice,Kyle,Seager,572122,2014-07-10,2014_07_10_minmlb_seamlb_1,F,0,0,0,0,0,0,1,0,1,0,2
Damnedest of the Nice,Kyle,Seager,572122,2014-07-11,2014_07_11_oakmlb_seamlb_1,F,0,0,0,0,0,0,0,0,0,3,0
Damnedest of the Nice,Kyle,Seager,572122,2014-07-12,2014_07_12_oakmlb_seamlb_1,F,0,0,0,0,0,0,1,0,2,2,0
Damnedest of the Nice,George,Springer,543807,2014-07-01,2014_07_01_seamlb_houmlb_1,F,0,0,0,0,0,0,0,0,1,0,0
Damnedest of the Nice,George,Springer,543807,2014-07-02,2014_07_02_seamlb_houmlb_1,F,0,0,0,0,0,0,0,0,0,0,0
Damnedest of the Nice,George,Springer,543807,2014-07-03,2014_07_03_houmlb_anamlb_1,F,0,0,0,0,0,0,0,1,1,0,0
Damnedest of the Nice,George,Springer,543807,2014-07-04,2014_07_04_houmlb_anamlb_1,F,0,0,0,0,0,0,1,0,1,0,2
Damnedest of the Nice,George,Springer,543807,2014-07-05,2014_07_05_houmlb_anamlb_1,F,0,0,0,0,0,0,0,1,0,0,0
Damnedest of the Nice,George,Springer,543807,2014-07-06,2014_07_06_houmlb_anamlb_1,F,0,0,0,0,0,0,0,0,0,0,0
Damnedest of the Nice,George,Springer,543807,2014-07-07,2014_07_07_houmlb_texmlb_1,F,0,0,0,0,0,0,0,0,1,0,0
Damnedest of the Nice,George,Springer,543807,2014-07-08,2014_07_08_houmlb_texmlb_1,F,0,0,0,0,0,0,1,0,1,0,1
Damnedest of the Nice,George,Springer,543807,2014-07-09,2014_07_09_houmlb_texmlb_1,F,0,0,0,0,0,0,1,0,2,0,0
Damnedest of the Nice,George,Springer,543807,2014-07-12,2014_07_12_bosmlb_houmlb_1,F,0,0,0,0,0,0,0,0,0,0,1
Damnedest of the Nice,Carlos,Santana,467793,2014-07-01,2014_07_01_clemlb_lanmlb_1,F,0,0,0,0,0,0,0,0,0,0,0
Damnedest of the Nice,Carlos,Santana,467793,2014-07-02,2014_07_02_clemlb_lanmlb_1,F,0,0,0,0,0,0,0,0,1,1,1
Damnedest of the Nice,Carlos,Santana,467793,2014-07-04,2014_07_04_kcamlb_clemlb_1,F,0,0,0,0,0,0,0,0,1,1,0
Damnedest of the Nice,Carlos,Santana,467793,2014-07-05,2014_07_05_kcamlb_clemlb_1,F,0,0,0,0,0,0,0,0,2,1,0
Damnedest of the Nice,Carlos,Santana,467793,2014-07-06,2014_07_06_kcamlb_clemlb_1,F,0,0,0,0,0,0,1,0,1,1,0
Damnedest of the Nice,Carlos,Santana,467793,2014-07-07,2014_07_07_nyamlb_clemlb_1,F,0,0,0,0,0,0,0,0,0,3,0
Damnedest of the Nice,Carlos,Santana,467793,2014-07-08,2014_07_08_nyamlb_clemlb_1,F,0,0,0,0,0,0,0,0,1,0,0
Damnedest of the Nice,Carlos,Santana,467793,2014-07-09,2014_07_09_nyamlb_clemlb_1,F,0,0,0,0,0,0,0,0,1,1,2
Damnedest of the Nice,Carlos,Santana,467793,2014-07-10,2014_07_10_nyamlb_clemlb_1,F,0,0,0,0,0,0,1,0,1,0,0
Damnedest of the Nice,Carlos,Santana,467793,2014-07-11,2014_07_11_chamlb_clemlb_1,F,0,0,0,0,0,0,0,0,1,0,1
Damnedest of the Nice,Carlos,Santana,467793,2014-07-12,2014_07_12_chamlb_clemlb_1,F,0,0,0,0,0,0,0,0,0,1,1
Damnedest of the Nice,Felix,Hernandez,433587,2014-07-05,2014_07_05_seamlb_chamlb_1,F,1,0,0,2,1,0,0,0,0,0,0
Damnedest of the Nice,Felix,Hernandez,433587,2014-07-11,2014_07_11_oakmlb_seamlb_1,F,1,1,0,2,1,1,0,0,0,0,0
Damnedest of the Nice,Masahiro,Tanaka,547888,2014-07-03,2014_07_03_nyamlb_minmlb_1,F,1,1,0,4,0,2,0,0,0,0,0
Damnedest of the Nice,Masahiro,Tanaka,547888,2014-07-08,2014_07_08_nyamlb_clemlb_1,F,1,0,0,5,0,0,0,0,0,0,0
Damnedest of the Nice,Chris,Sale,519242,2014-07-04,2014_07_04_seamlb_chamlb_1,F,1,1,0,1,1,0,0,0,0,0,0
Damnedest of the Nice,Chris,Sale,519242,2014-07-09,2014_07_09_chamlb_bosmlb_1,F,1,0,0,1,1,0,0,0,0,0,0
Damnedest of the Nice,Alfredo,Simon,430580,2014-07-04,2014_07_04_milmlb_cinmlb_1,F,1,1,0,2,1,1,0,0,0,0,0
Damnedest of the Nice,Alfredo,Simon,430580,2014-07-09,2014_07_09_chnmlb_cinmlb_1,F,1,1,0,1,1,0,0,0,0,0,0
Damnedest of the Nice,Huston,Street,434718,2014-07-04,2014_07_04_sfnmlb_sdnmlb_1,F,1,0,1,0,0,0,0,0,0,0,0
Damnedest of the Nice,Huston,Street,434718,2014-07-05,2014_07_05_sfnmlb_sdnmlb_1,F,1,0,0,1,0,0,0,0,0,0,0
Damnedest of the Nice,Huston,Street,434718,2014-07-11,2014_07_11_sdnmlb_lanmlb_1,F,1,0,1,0,0,0,0,0,0,0,0
Damnedest of the Nice,Anibal,Sanchez,434671,2014-07-05,2014_07_05_tbamlb_detmlb_1,F,1,0,0,7,0,1,0,0,0,0,0
Damnedest of the Nice,Anibal,Sanchez,434671,2014-07-11,2014_07_11_detmlb_kcamlb_1,F,1,1,0,1,1,1,0,0,0,0,0
