team,game_id,runs_for,h,d,t,hr,tb,bb,sb,sac,sf,sacsf,runs_against,qs,so,saves,holds,batting_team,pitching_team,
ari,2015/06/01/atlmlb-arimlb-1,1,7,2,0,0,9,0,1,0,1,1,8,0,7,0,0,No-Talent Ass Clowns,Dr. Watson,
atl,2015/06/01/atlmlb-arimlb-1,8,13,3,0,1,19,3,1,1,0,1,1,1,5,0,0,Damnedest of the Nice,Damnedest of the Nice,
hou,2015/06/01/balmlb-houmlb-1,5,9,1,0,1,13,4,1,0,1,1,2,0,8,1,1,Portlandia Misfits,Paly Players,
bal,2015/06/01/balmlb-houmlb-1,2,7,1,1,0,10,2,0,0,0,0,5,1,10,0,0,Damnedest of the Nice,,
mia,2015/06/01/chnmlb-miamlb-1,1,6,1,0,0,7,1,1,0,0,0,5,1,7,0,0,The Rube,Buena Vista Bottoms,
chn,2015/06/01/chnmlb-miamlb-1,5,8,2,0,1,13,4,0,0,0,0,1,1,13,0,1,Detroit Noojies (aka dbags),Portlandia Misfits,
col,2015/06/01/lanmlb-colmlb-1,4,9,0,0,1,12,1,0,0,0,0,11,0,6,0,0,Portlandia Misfits,,
lan,2015/06/01/lanmlb-colmlb-1,11,18,3,1,4,35,5,0,0,0,0,4,1,10,0,0,Detroit Noojies (aka dbags),Buena Vista Bottoms,
sln,2015/06/01/milmlb-slnmlb-1,0,8,0,0,0,8,3,1,0,0,0,1,1,4,0,0,Paly Players,No-Talent Ass Clowns,
mil,2015/06/01/milmlb-slnmlb-1,1,6,0,0,0,6,0,0,0,0,0,0,1,11,1,3,No-Talent Ass Clowns,Detroit Noojies (aka dbags),
sea,2015/06/01/nyamlb-seamlb-1,2,8,1,1,0,11,2,0,0,0,0,7,0,8,0,0,,The Rube,
nya,2015/06/01/nyamlb-seamlb-1,7,7,1,0,1,11,5,0,0,1,1,2,1,13,0,0,,Portlandia Misfits,
sdn,2015/06/01/nynmlb-sdnmlb-1,0,2,0,0,0,2,0,0,0,0,0,7,0,16,0,0,No-Talent Ass Clowns,Dr. Watson,
nyn,2015/06/01/nynmlb-sdnmlb-1,7,13,3,1,1,21,1,1,0,0,0,0,1,9,0,0,,Dr. Watson,
sfn,2015/06/01/pitmlb-sfnmlb-1,3,6,2,0,0,8,2,1,0,0,0,4,1,7,0,0,Portlandia Misfits,Portlandia Misfits,
pit,2015/06/01/pitmlb-sfnmlb-1,4,6,4,0,0,10,2,0,0,2,2,3,1,10,1,1,Paly Players,The Rube,
ana,2015/06/01/tbamlb-anamlb-1,7,11,0,0,4,23,5,1,1,0,1,3,1,6,0,3,,No-Talent Ass Clowns,
tba,2015/06/01/tbamlb-anamlb-1,3,6,1,0,1,10,3,0,0,0,0,7,0,6,0,0,Dr. Watson,Damnedest of the Nice,
was,2015/06/01/tormlb-wasmlb-1,0,0,0,0,0,0,0,0,0,0,0,0,0,0,0,0,The Rube,Detroit Noojies (aka dbags),
tor,2015/06/01/tormlb-wasmlb-1,0,0,0,0,0,0,0,0,0,0,0,0,0,0,0,0,Buena Vista Bottoms,,
ari,2015/06/02/atlmlb-arimlb-1,7,9,1,0,1,13,10,2,1,0,1,6,0,5,1,1,No-Talent Ass Clowns,Dr. Watson,
atl,2015/06/02/atlmlb-arimlb-1,6,10,4,0,0,14,2,1,0,0,0,7,0,4,0,1,Damnedest of the Nice,Damnedest of the Nice,
hou,2015/06/02/balmlb-houmlb-1,6,9,1,0,2,16,3,0,0,0,0,4,0,9,1,1,Portlandia Misfits,Paly Players,
bal,2015/06/02/balmlb-houmlb-1,4,7,0,1,0,9,2,0,0,0,0,6,0,9,0,0,Damnedest of the Nice,,
tex,2015/06/02/chamlb-texmlb-1,15,19,1,1,3,31,4,0,0,0,0,2,1,6,0,0,Damnedest of the Nice,Paly Players,
cha,2015/06/02/chamlb-texmlb-1,2,7,0,0,1,10,0,1,0,0,0,15,0,5,0,0,,No-Talent Ass Clowns,
mia,2015/06/02/chnmlb-miamlb-1,5,8,2,0,1,13,2,0,0,0,0,2,1,7,1,2,The Rube,Buena Vista Bottoms,
chn,2015/06/02/chnmlb-miamlb-1,2,8,4,0,0,12,3,0,0,0,0,5,0,7,0,0,Detroit Noojies (aka dbags),Portlandia Misfits,
phi,2015/06/02/cinmlb-phimlb-1,5,9,4,0,2,19,0,0,1,0,1,4,0,5,0,0,,,
cin,2015/06/02/cinmlb-phimlb-1,4,10,4,0,0,14,2,1,2,0,2,5,1,5,0,1,Detroit Noojies (aka dbags),The Rube,
kca,2015/06/02/clemlb-kcamlb-1,1,5,1,0,0,6,2,0,0,0,0,2,0,4,0,0,Paly Players,Paly Players,
cle,2015/06/02/clemlb-kcamlb-1,2,6,2,0,1,11,3,1,0,0,0,1,1,12,1,3,Dr. Watson,Detroit Noojies (aka dbags),
col,2015/06/02/lanmlb-colmlb-1,6,12,3,0,2,21,2,1,0,0,0,3,1,9,1,2,Portlandia Misfits,,
lan,2015/06/02/lanmlb-colmlb-1,3,5,1,0,1,9,4,0,0,0,0,6,0,3,0,0,Detroit Noojies (aka dbags),Buena Vista Bottoms,
col,2015/06/02/lanmlb-colmlb-2,8,15,3,0,1,21,2,0,1,1,2,9,0,7,0,2,Portlandia Misfits,,
lan,2015/06/02/lanmlb-colmlb-2,9,13,0,1,4,27,3,1,0,0,0,8,0,5,1,0,Detroit Noojies (aka dbags),Buena Vista Bottoms,
sln,2015/06/02/milmlb-slnmlb-1,1,4,1,0,0,5,2,0,0,0,0,0,1,5,1,1,Paly Players,No-Talent Ass Clowns,
mil,2015/06/02/milmlb-slnmlb-1,0,7,0,0,0,7,1,0,1,0,1,1,1,7,0,0,No-Talent Ass Clowns,Detroit Noojies (aka dbags),
bos,2015/06/02/minmlb-bosmlb-1,1,7,2,0,0,9,2,1,0,0,0,0,1,9,1,0,Dr. Watson,,
min,2015/06/02/minmlb-bosmlb-1,0,3,0,0,0,3,3,1,0,0,0,1,1,2,0,0,Buena Vista Bottoms,,
sea,2015/06/02/nyamlb-seamlb-1,3,14,2,0,0,16,3,1,0,0,0,5,1,8,0,3,,The Rube,
nya,2015/06/02/nyamlb-seamlb-1,5,14,4,0,1,21,4,0,0,0,0,3,0,13,1,0,,Portlandia Misfits,
sdn,2015/06/02/nynmlb-sdnmlb-1,7,14,1,2,1,22,2,1,1,0,1,2,1,12,0,0,No-Talent Ass Clowns,Dr. Watson,
nyn,2015/06/02/nynmlb-sdnmlb-1,2,8,1,0,0,9,2,0,0,0,0,7,0,13,0,0,,Dr. Watson,
det,2015/06/02/oakmlb-detmlb-1,3,8,1,0,0,9,2,0,1,0,1,5,0,9,0,0,Buena Vista Bottoms,Damnedest of the Nice,
oak,2015/06/02/oakmlb-detmlb-1,5,7,0,0,1,10,5,0,0,0,0,3,1,5,1,1,The Rube,Buena Vista Bottoms,
sfn,2015/06/02/pitmlb-sfnmlb-1,4,11,3,0,1,17,3,0,0,0,0,7,0,10,0,0,Portlandia Misfits,Portlandia Misfits,
pit,2015/06/02/pitmlb-sfnmlb-1,7,14,2,1,1,21,4,0,0,0,0,4,0,8,1,2,Paly Players,The Rube,
ana,2015/06/02/tbamlb-anamlb-1,1,6,1,0,1,10,1,0,0,0,0,6,0,10,0,0,,No-Talent Ass Clowns,
tba,2015/06/02/tbamlb-anamlb-1,6,6,0,0,1,9,4,1,0,0,0,1,1,15,0,0,Dr. Watson,Damnedest of the Nice,
was,2015/06/02/tormlb-wasmlb-1,2,9,0,0,0,9,2,1,1,1,2,0,1,5,1,0,The Rube,Detroit Noojies (aka dbags),
tor,2015/06/02/tormlb-wasmlb-1,0,6,0,0,0,6,1,0,1,0,1,2,1,7,0,0,Buena Vista Bottoms,,
was,2015/06/02/tormlb-wasmlb-2,3,6,3,0,0,9,2,0,0,1,1,7,0,9,0,0,The Rube,Detroit Noojies (aka dbags),
tor,2015/06/02/tormlb-wasmlb-2,7,10,1,0,2,17,4,2,0,1,1,3,1,9,0,0,Buena Vista Bottoms,,
ari,2015/06/03/atlmlb-arimlb-1,9,12,4,0,1,19,4,1,0,1,1,8,0,12,1,1,No-Talent Ass Clowns,Dr. Watson,
atl,2015/06/03/atlmlb-arimlb-1,8,13,2,0,3,24,2,0,1,0,1,9,0,7,0,2,Damnedest of the Nice,Damnedest of the Nice,
hou,2015/06/03/balmlb-houmlb-1,3,4,0,0,3,13,0,0,0,0,0,1,1,11,0,0,Portlandia Misfits,Paly Players,
bal,2015/06/03/balmlb-houmlb-1,1,4,1,1,0,7,0,0,0,0,0,3,1,10,0,0,Damnedest of the Nice,,
tex,2015/06/03/chamlb-texmlb-1,2,6,1,0,1,10,4,0,0,0,0,9,0,8,0,0,Damnedest of the Nice,Paly Players,
cha,2015/06/03/chamlb-texmlb-1,9,12,3,0,2,21,6,1,0,0,0,2,1,16,0,0,,No-Talent Ass Clowns,
mia,2015/06/03/chnmlb-miamlb-1,7,14,3,0,2,23,2,0,0,0,0,3,0,8,0,1,The Rube,Buena Vista Bottoms,
chn,2015/06/03/chnmlb-miamlb-1,3,8,1,1,1,14,4,1,0,0,0,7,0,6,0,0,Detroit Noojies (aka dbags),Portlandia Misfits,
phi,2015/06/03/cinmlb-phimlb-1,5,7,1,0,1,11,4,0,0,1,1,4,1,12,0,0,,,
cin,2015/06/03/cinmlb-phimlb-1,4,9,3,0,1,15,7,3,1,0,1,5,1,10,0,0,Detroit Noojies (aka dbags),The Rube,
kca,2015/06/03/clemlb-kcamlb-1,4,9,4,0,0,13,1,0,0,0,0,2,1,4,1,2,Paly Players,Paly Players,
cle,2015/06/03/clemlb-kcamlb-1,2,10,2,0,0,12,0,0,0,0,0,4,0,9,0,0,Dr. Watson,Detroit Noojies (aka dbags),
col,2015/06/03/lanmlb-colmlb-1,7,10,2,0,1,15,6,2,0,1,1,6,1,7,0,1,Portlandia Misfits,,
lan,2015/06/03/lanmlb-colmlb-1,6,11,3,0,1,17,5,0,0,0,0,7,0,6,0,1,Detroit Noojies (aka dbags),Buena Vista Bottoms,
sln,2015/06/03/milmlb-slnmlb-1,7,10,1,0,0,11,2,0,0,2,2,4,1,5,1,0,Paly Players,No-Talent Ass Clowns,
mil,2015/06/03/milmlb-slnmlb-1,4,14,2,0,1,19,1,0,0,0,0,7,0,7,0,0,No-Talent Ass Clowns,Detroit Noojies (aka dbags),
bos,2015/06/03/minmlb-bosmlb-1,6,13,2,0,1,18,2,3,1,0,1,3,1,7,0,0,Dr. Watson,,
min,2015/06/03/minmlb-bosmlb-1,3,5,0,0,2,11,3,0,0,0,0,6,0,5,0,0,Buena Vista Bottoms,,
bos,2015/06/03/minmlb-bosmlb-2,0,2,1,0,0,3,0,0,0,0,0,2,1,6,0,0,Dr. Watson,,
min,2015/06/03/minmlb-bosmlb-2,2,5,2,0,0,7,0,1,1,0,1,0,1,11,1,1,Buena Vista Bottoms,,
sea,2015/06/03/nyamlb-seamlb-1,1,5,1,1,0,8,1,0,0,0,0,3,1,7,0,0,,The Rube,
nya,2015/06/03/nyamlb-seamlb-1,3,5,1,0,2,12,1,0,0,0,0,1,1,13,1,1,,Portlandia Misfits,
sdn,2015/06/03/nynmlb-sdnmlb-1,7,10,0,0,0,10,1,1,1,1,2,3,1,6,0,0,No-Talent Ass Clowns,Dr. Watson,
nyn,2015/06/03/nynmlb-sdnmlb-1,3,9,3,0,0,12,3,0,0,0,0,7,0,5,0,0,,Dr. Watson,
det,2015/06/03/oakmlb-detmlb-1,1,4,1,0,0,5,1,0,0,0,0,6,0,1,0,0,Buena Vista Bottoms,Damnedest of the Nice,
oak,2015/06/03/oakmlb-detmlb-1,6,7,3,1,1,15,5,0,0,1,1,1,1,8,0,0,The Rube,Buena Vista Bottoms,
sfn,2015/06/03/pitmlb-sfnmlb-1,2,9,1,0,0,10,1,0,0,0,0,5,1,9,0,0,Portlandia Misfits,Portlandia Misfits,
pit,2015/06/03/pitmlb-sfnmlb-1,5,11,2,0,1,16,1,2,0,0,0,2,1,6,1,1,Paly Players,The Rube,
ana,2015/06/03/tbamlb-anamlb-1,5,11,2,0,2,19,6,0,2,1,3,6,0,7,0,0,,No-Talent Ass Clowns,
tba,2015/06/03/tbamlb-anamlb-1,6,8,0,0,3,17,2,2,0,0,0,5,0,9,1,4,Dr. Watson,Damnedest of the Nice,
was,2015/06/03/tormlb-wasmlb-1,0,6,1,0,0,7,1,0,0,0,0,8,0,6,0,0,The Rube,Detroit Noojies (aka dbags),
tor,2015/06/03/tormlb-wasmlb-1,8,13,3,0,1,19,1,0,1,0,1,0,1,2,0,0,Buena Vista Bottoms,,
hou,2015/06/04/balmlb-houmlb-1,2,5,2,0,1,10,4,1,0,1,1,3,1,10,0,0,Portlandia Misfits,Paly Players,
bal,2015/06/04/balmlb-houmlb-1,3,8,0,0,1,11,2,1,0,0,0,2,1,14,1,0,Damnedest of the Nice,,
tex,2015/06/04/chamlb-texmlb-1,2,12,1,0,0,13,6,2,1,0,1,1,1,7,0,0,Damnedest of the Nice,Paly Players,
cha,2015/06/04/chamlb-texmlb-1,1,6,0,0,0,6,2,1,0,1,1,2,1,13,0,0,,No-Talent Ass Clowns,
was,2015/06/04/chnmlb-wasmlb-1,1,8,2,0,0,10,3,1,0,0,0,2,1,10,0,0,The Rube,Detroit Noojies (aka dbags),
chn,2015/06/04/chnmlb-wasmlb-1,2,6,0,0,0,6,4,1,0,0,0,1,1,9,1,4,Detroit Noojies (aka dbags),Portlandia Misfits,
phi,2015/06/04/cinmlb-phimlb-1,4,7,3,1,0,12,2,1,0,1,1,6,0,5,0,0,,,
cin,2015/06/04/cinmlb-phimlb-1,6,6,2,0,0,8,6,1,2,0,2,4,0,5,1,1,Detroit Noojies (aka dbags),The Rube,
kca,2015/06/04/clemlb-kcamlb-1,2,4,0,0,1,7,5,1,0,0,0,6,0,6,0,0,Paly Players,Paly Players,
cle,2015/06/04/clemlb-kcamlb-1,6,10,3,0,1,16,3,2,1,0,1,2,1,6,0,1,Dr. Watson,Detroit Noojies (aka dbags),
bos,2015/06/04/minmlb-bosmlb-1,4,12,1,0,2,19,1,0,0,0,0,8,1,7,0,0,Dr. Watson,,
min,2015/06/04/minmlb-bosmlb-1,8,11,1,0,1,15,4,1,0,1,1,4,0,1,0,0,Buena Vista Bottoms,,
ari,2015/06/04/nynmlb-arimlb-1,2,8,0,0,2,14,2,0,0,0,0,6,0,9,0,0,No-Talent Ass Clowns,Dr. Watson,
nyn,2015/06/04/nynmlb-arimlb-1,6,14,5,0,1,22,1,0,0,1,1,2,1,11,1,1,,Dr. Watson,
det,2015/06/04/oakmlb-detmlb-1,5,9,1,0,1,13,1,0,0,0,0,7,0,6,0,0,Buena Vista Bottoms,Damnedest of the Nice,
oak,2015/06/04/oakmlb-detmlb-1,7,10,2,1,0,14,4,1,0,0,0,5,1,6,1,0,The Rube,Buena Vista Bottoms,
lan,2015/06/04/slnmlb-lanmlb-1,1,9,2,0,0,11,0,0,1,1,2,7,1,7,0,0,Detroit Noojies (aka dbags),Buena Vista Bottoms,
sln,2015/06/04/slnmlb-lanmlb-1,7,12,3,0,0,15,5,0,1,1,2,1,1,7,0,0,Paly Players,No-Talent Ass Clowns,
sea,2015/06/04/tbamlb-seamlb-1,1,10,2,0,0,12,2,0,1,0,1,2,1,8,0,0,,The Rube,
tba,2015/06/04/tbamlb-seamlb-1,2,6,1,0,0,7,1,3,0,0,0,1,0,9,1,3,Dr. Watson,Damnedest of the Nice,
nya,2015/06/05/anamlb-nyamlb-1,8,14,2,1,3,27,2,1,0,1,1,7,0,9,1,1,,Portlandia Misfits,
ana,2015/06/05/anamlb-nyamlb-1,7,9,2,0,0,11,9,0,0,0,0,8,0,3,0,0,,No-Talent Ass Clowns,
cle,2015/06/05/balmlb-clemlb-1,2,7,1,0,0,8,4,0,0,0,0,5,1,7,0,0,Dr. Watson,Detroit Noojies (aka dbags),
bal,2015/06/05/balmlb-clemlb-1,5,11,1,1,1,17,1,0,0,1,1,2,1,6,1,1,Damnedest of the Nice,,
was,2015/06/05/chnmlb-wasmlb-1,7,12,5,0,1,20,3,0,0,1,1,5,0,11,1,3,The Rube,Detroit Noojies (aka dbags),
chn,2015/06/05/chnmlb-wasmlb-1,5,9,1,0,3,19,0,0,0,0,0,7,0,6,0,0,Detroit Noojies (aka dbags),Portlandia Misfits,
cha,2015/06/05/detmlb-chamlb-1,4,7,1,0,2,14,2,0,1,0,1,3,1,11,0,0,,No-Talent Ass Clowns,
det,2015/06/05/detmlb-chamlb-1,3,9,1,1,0,12,2,0,1,0,1,4,1,5,0,2,Buena Vista Bottoms,Damnedest of the Nice,
tor,2015/06/05/houmlb-tormlb-1,6,9,2,0,2,17,4,0,0,0,0,2,1,6,0,0,Buena Vista Bottoms,,
hou,2015/06/05/houmlb-tormlb-1,2,6,0,0,1,9,0,1,0,0,0,6,0,3,0,0,Portlandia Misfits,Paly Players,
col,2015/06/05/miamlb-colmlb-1,2,12,0,0,0,12,1,1,0,1,1,6,0,6,0,0,Portlandia Misfits,,
mia,2015/06/05/miamlb-colmlb-1,6,12,1,1,1,18,2,0,2,0,2,2,1,7,1,0,The Rube,Buena Vista Bottoms,
min,2015/06/05/milmlb-minmlb-1,5,10,0,0,1,13,1,0,0,0,0,10,0,11,0,0,Buena Vista Bottoms,,
mil,2015/06/05/milmlb-minmlb-1,10,12,2,0,3,23,1,0,1,0,1,5,0,7,0,0,No-Talent Ass Clowns,Detroit Noojies (aka dbags),
ari,2015/06/05/nynmlb-arimlb-1,7,9,3,1,0,14,4,3,1,1,2,2,1,10,0,2,No-Talent Ass Clowns,Dr. Watson,
nyn,2015/06/05/nynmlb-arimlb-1,2,6,1,0,1,10,3,0,0,0,0,7,1,10,0,0,,Dr. Watson,
bos,2015/06/05/oakmlb-bosmlb-1,4,11,3,0,0,14,1,1,0,1,1,2,1,8,1,1,Dr. Watson,,
oak,2015/06/05/oakmlb-bosmlb-1,2,8,1,0,1,12,1,0,0,0,0,4,0,7,0,0,The Rube,Buena Vista Bottoms,
atl,2015/06/05/pitmlb-atlmlb-1,8,14,2,0,0,16,5,1,0,0,0,10,0,8,0,0,Damnedest of the Nice,Damnedest of the Nice,
pit,2015/06/05/pitmlb-atlmlb-1,10,13,1,0,2,20,5,2,0,0,0,8,0,6,1,3,Paly Players,The Rube,
cin,2015/06/05/sdnmlb-cinmlb-1,2,6,1,0,0,7,4,0,0,0,0,6,0,5,0,0,Detroit Noojies (aka dbags),The Rube,
sdn,2015/06/05/sdnmlb-cinmlb-1,6,9,1,0,3,19,3,0,0,1,1,2,0,9,0,1,No-Talent Ass Clowns,Dr. Watson,
phi,2015/06/05/sfnmlb-phimlb-1,4,6,1,0,2,13,4,1,0,0,0,5,0,7,0,0,,,
sfn,2015/06/05/sfnmlb-phimlb-1,5,12,2,0,3,23,1,1,0,0,0,4,0,7,1,3,Portlandia Misfits,Portlandia Misfits,
lan,2015/06/05/slnmlb-lanmlb-1,1,4,0,0,0,4,4,0,0,0,0,2,1,5,0,0,Detroit Noojies (aka dbags),Buena Vista Bottoms,
sln,2015/06/05/slnmlb-lanmlb-1,2,5,0,0,0,5,3,0,1,1,2,1,1,14,1,2,Paly Players,No-Talent Ass Clowns,
sea,2015/06/05/tbamlb-seamlb-1,0,7,0,1,0,9,3,0,0,0,0,1,1,6,0,0,,The Rube,
tba,2015/06/05/tbamlb-seamlb-1,1,7,2,0,1,12,1,0,0,0,0,0,0,8,1,0,Dr. Watson,Damnedest of the Nice,
kca,2015/06/05/texmlb-kcamlb-1,0,3,0,0,0,3,2,0,0,0,0,4,0,10,0,0,Paly Players,Paly Players,
tex,2015/06/05/texmlb-kcamlb-1,4,7,0,1,1,12,3,4,1,0,1,0,1,2,0,0,Damnedest of the Nice,Paly Players,
nya,2015/06/06/anamlb-nyamlb-1,8,11,2,0,1,16,5,1,0,1,1,2,1,5,0,0,,Portlandia Misfits,
ana,2015/06/06/anamlb-nyamlb-1,2,5,2,0,1,10,3,0,0,1,1,8,0,6,0,0,,No-Talent Ass Clowns,
cle,2015/06/06/balmlb-clemlb-1,2,7,2,0,0,9,8,1,1,0,1,1,1,12,1,1,Dr. Watson,Detroit Noojies (aka dbags),
bal,2015/06/06/balmlb-clemlb-1,1,6,1,0,1,10,2,0,1,0,1,2,0,9,0,0,Damnedest of the Nice,,
was,2015/06/06/chnmlb-wasmlb-1,2,5,1,0,2,12,3,0,0,0,0,4,0,8,0,0,The Rube,Detroit Noojies (aka dbags),
chn,2015/06/06/chnmlb-wasmlb-1,4,7,1,0,0,8,2,0,0,0,0,2,1,9,1,0,Detroit Noojies (aka dbags),Portlandia Misfits,
cha,2015/06/06/detmlb-chamlb-1,1,5,2,0,0,7,2,0,0,0,0,7,0,4,0,0,,No-Talent Ass Clowns,
det,2015/06/06/detmlb-chamlb-1,7,18,3,0,1,24,2,1,0,0,0,1,1,11,0,0,Buena Vista Bottoms,Damnedest of the Nice,
tor,2015/06/06/houmlb-tormlb-1,7,10,4,0,0,14,5,5,2,1,3,2,1,10,0,1,Buena Vista Bottoms,,
hou,2015/06/06/houmlb-tormlb-1,2,8,0,0,1,11,1,0,0,0,0,7,0,7,0,0,Portlandia Misfits,Paly Players,
col,2015/06/06/miamlb-colmlb-1,10,17,1,2,3,31,2,0,0,0,0,5,1,8,0,0,Portlandia Misfits,,
mia,2015/06/06/miamlb-colmlb-1,5,13,3,2,0,20,2,0,0,0,0,10,0,5,0,0,The Rube,Buena Vista Bottoms,
min,2015/06/06/milmlb-minmlb-1,2,7,2,0,1,12,1,0,2,0,2,4,0,7,0,0,Buena Vista Bottoms,,
mil,2015/06/06/milmlb-minmlb-1,4,10,1,0,1,14,4,1,1,0,1,2,1,5,1,1,No-Talent Ass Clowns,Detroit Noojies (aka dbags),
ari,2015/06/06/nynmlb-arimlb-1,2,6,0,0,1,9,2,0,0,0,0,1,0,8,1,1,No-Talent Ass Clowns,Dr. Watson,
nyn,2015/06/06/nynmlb-arimlb-1,1,10,0,0,1,13,2,0,0,0,0,2,1,8,0,0,,Dr. Watson,
bos,2015/06/06/oakmlb-bosmlb-1,4,11,3,0,1,17,6,1,0,0,0,2,1,10,1,3,Dr. Watson,,
oak,2015/06/06/oakmlb-bosmlb-1,2,5,1,1,1,11,4,0,0,0,0,4,0,8,0,0,The Rube,Buena Vista Bottoms,
atl,2015/06/06/pitmlb-atlmlb-1,5,9,0,0,2,15,2,2,1,1,2,4,0,6,0,0,Damnedest of the Nice,Damnedest of the Nice,
pit,2015/06/06/pitmlb-atlmlb-1,4,6,0,0,1,9,0,0,0,0,0,5,0,5,0,0,Paly Players,The Rube,
cin,2015/06/06/sdnmlb-cinmlb-1,7,11,3,1,1,19,6,0,2,0,2,9,1,10,0,0,Detroit Noojies (aka dbags),The Rube,
sdn,2015/06/06/sdnmlb-cinmlb-1,9,10,2,0,2,18,8,0,0,0,0,7,0,6,1,1,No-Talent Ass Clowns,Dr. Watson,
phi,2015/06/06/sfnmlb-phimlb-1,5,6,0,0,2,12,1,0,0,0,0,7,0,10,0,0,,,
sfn,2015/06/06/sfnmlb-phimlb-1,7,12,1,0,0,13,3,0,0,1,1,5,0,13,1,0,Portlandia Misfits,Portlandia Misfits,
lan,2015/06/06/slnmlb-lanmlb-1,2,7,2,0,0,9,0,0,1,0,1,0,1,12,1,0,Detroit Noojies (aka dbags),Buena Vista Bottoms,
sln,2015/06/06/slnmlb-lanmlb-1,0,1,0,0,0,1,2,0,0,0,0,2,1,6,0,0,Paly Players,No-Talent Ass Clowns,
sea,2015/06/06/tbamlb-seamlb-1,2,9,2,0,1,14,4,0,0,0,0,1,1,8,1,1,,The Rube,
tba,2015/06/06/tbamlb-seamlb-1,1,3,0,1,0,5,3,2,0,0,0,2,1,4,0,0,Dr. Watson,Damnedest of the Nice,
kca,2015/06/06/texmlb-kcamlb-1,2,9,2,0,1,14,0,1,0,0,0,4,0,9,0,0,Paly Players,Paly Players,
tex,2015/06/06/texmlb-kcamlb-1,4,11,2,0,0,13,4,1,1,1,2,2,1,5,1,2,Damnedest of the Nice,Paly Players,
nya,2015/06/07/anamlb-nyamlb-1,6,7,1,0,3,17,1,0,0,0,0,2,1,12,0,1,,Portlandia Misfits,
ana,2015/06/07/anamlb-nyamlb-1,2,5,1,0,2,12,2,0,0,0,0,6,0,10,0,0,,No-Talent Ass Clowns,
cle,2015/06/07/balmlb-clemlb-1,3,9,4,0,0,13,3,0,0,0,0,7,0,11,0,0,Dr. Watson,Detroit Noojies (aka dbags),
bal,2015/06/07/balmlb-clemlb-1,7,12,1,1,2,21,3,0,0,1,1,3,0,12,0,1,Damnedest of the Nice,,
was,2015/06/07/chnmlb-wasmlb-1,3,8,0,0,1,11,0,0,0,0,0,6,0,5,0,0,The Rube,Detroit Noojies (aka dbags),
chn,2015/06/07/chnmlb-wasmlb-1,6,14,4,1,0,20,5,0,0,0,0,3,0,7,1,3,Detroit Noojies (aka dbags),Portlandia Misfits,
cha,2015/06/07/detmlb-chamlb-1,4,6,2,1,1,13,2,0,0,0,0,6,0,5,0,0,,No-Talent Ass Clowns,
det,2015/06/07/detmlb-chamlb-1,6,10,1,1,2,19,1,0,0,0,0,4,1,7,1,0,Buena Vista Bottoms,Damnedest of the Nice,
tor,2015/06/07/houmlb-tormlb-1,7,12,1,0,3,22,2,3,0,0,0,6,0,8,0,1,Buena Vista Bottoms,,
hou,2015/06/07/houmlb-tormlb-1,6,8,2,0,1,13,5,2,0,1,1,7,1,4,0,2,Portlandia Misfits,Paly Players,
col,2015/06/07/miamlb-colmlb-1,2,5,1,0,1,9,4,1,0,1,1,3,1,4,0,0,Portlandia Misfits,,
mia,2015/06/07/miamlb-colmlb-1,3,7,0,0,1,10,1,0,0,0,0,2,1,9,1,0,The Rube,Buena Vista Bottoms,
min,2015/06/07/milmlb-minmlb-1,2,9,1,1,0,12,4,0,0,0,0,0,1,8,1,0,Buena Vista Bottoms,,
mil,2015/06/07/milmlb-minmlb-1,0,8,1,0,0,9,2,0,0,0,0,2,0,5,0,0,No-Talent Ass Clowns,Detroit Noojies (aka dbags),
ari,2015/06/07/nynmlb-arimlb-1,3,5,1,0,0,6,3,0,0,1,1,6,0,3,0,0,No-Talent Ass Clowns,Dr. Watson,
nyn,2015/06/07/nynmlb-arimlb-1,6,11,2,0,4,25,4,4,0,0,0,3,1,10,1,1,,Dr. Watson,
bos,2015/06/07/oakmlb-bosmlb-1,7,13,3,0,1,19,2,1,0,1,1,4,0,8,1,0,Dr. Watson,,
oak,2015/06/07/oakmlb-bosmlb-1,4,11,5,0,0,16,3,1,0,0,0,7,1,7,0,1,The Rube,Buena Vista Bottoms,
atl,2015/06/07/pitmlb-atlmlb-1,0,6,1,0,0,7,4,0,0,0,0,3,0,8,0,0,Damnedest of the Nice,Damnedest of the Nice,
pit,2015/06/07/pitmlb-atlmlb-1,3,10,1,0,0,11,2,1,1,0,1,0,1,10,1,1,Paly Players,The Rube,
cin,2015/06/07/sdnmlb-cinmlb-1,4,10,2,0,2,18,0,0,1,0,1,0,1,11,0,0,Detroit Noojies (aka dbags),The Rube,
sdn,2015/06/07/sdnmlb-cinmlb-1,0,4,2,0,0,6,2,0,0,0,0,4,0,6,0,0,No-Talent Ass Clowns,Dr. Watson,
phi,2015/06/07/sfnmlb-phimlb-1,6,10,3,0,2,19,2,0,1,0,1,4,1,4,1,0,,,
sfn,2015/06/07/sfnmlb-phimlb-1,4,10,4,0,0,14,4,2,0,0,0,6,0,7,0,0,Portlandia Misfits,Portlandia Misfits,
lan,2015/06/07/slnmlb-lanmlb-1,2,7,1,0,0,8,2,1,0,0,0,4,1,9,0,1,Detroit Noojies (aka dbags),Buena Vista Bottoms,
sln,2015/06/07/slnmlb-lanmlb-1,4,9,3,1,1,17,2,0,1,0,1,2,0,10,1,2,Paly Players,No-Talent Ass Clowns,
sea,2015/06/07/tbamlb-seamlb-1,1,7,1,0,0,8,0,0,0,0,0,3,1,5,0,0,,The Rube,
tba,2015/06/07/tbamlb-seamlb-1,3,5,0,0,1,8,1,0,1,1,2,1,1,13,1,1,Dr. Watson,Damnedest of the Nice,
kca,2015/06/07/texmlb-kcamlb-1,4,9,4,0,1,16,1,0,0,2,2,3,1,7,1,0,Paly Players,Paly Players,
tex,2015/06/07/texmlb-kcamlb-1,3,6,2,0,0,8,2,0,0,0,0,4,1,6,0,0,Damnedest of the Nice,Paly Players,
lan,2015/06/08/arimlb-lanmlb-1,9,10,1,0,2,17,1,0,0,0,0,3,1,10,0,0,Detroit Noojies (aka dbags),Buena Vista Bottoms,
ari,2015/06/08/arimlb-lanmlb-1,3,5,1,0,0,6,2,0,0,0,0,9,0,5,0,0,No-Talent Ass Clowns,Dr. Watson,
cha,2015/06/08/houmlb-chamlb-1,3,4,1,0,1,8,0,0,0,0,0,1,1,16,1,0,,No-Talent Ass Clowns,
hou,2015/06/08/houmlb-chamlb-1,1,5,2,0,0,7,1,0,0,0,0,3,1,9,0,0,Portlandia Misfits,Paly Players,
min,2015/06/08/kcamlb-minmlb-1,1,8,1,0,1,12,1,0,0,0,0,3,1,5,0,0,Buena Vista Bottoms,,
kca,2015/06/08/kcamlb-minmlb-1,3,8,1,0,1,12,2,0,0,0,0,1,1,6,1,2,Paly Players,Paly Players,
tor,2015/06/08/miamlb-tormlb-1,11,12,4,0,1,19,7,2,0,0,0,3,1,8,0,0,Buena Vista Bottoms,,
mia,2015/06/08/miamlb-tormlb-1,3,8,2,0,1,13,0,1,0,0,0,11,0,7,0,0,The Rube,Buena Vista Bottoms,
pit,2015/06/08/milmlb-pitmlb-1,0,5,1,0,0,6,5,0,1,0,1,2,1,9,0,0,Paly Players,The Rube,
mil,2015/06/08/milmlb-pitmlb-1,2,8,2,0,0,10,1,0,0,0,0,0,1,12,1,2,No-Talent Ass Clowns,Detroit Noojies (aka dbags),
cin,2015/06/08/phimlb-cinmlb-1,6,11,2,0,2,19,2,2,0,0,0,4,1,6,1,2,Detroit Noojies (aka dbags),The Rube,
phi,2015/06/08/phimlb-cinmlb-1,4,10,5,0,0,15,3,0,1,0,1,6,0,9,0,0,,,
atl,2015/06/08/sdnmlb-atlmlb-1,3,11,2,0,0,13,2,1,1,0,1,5,1,10,0,1,Damnedest of the Nice,Damnedest of the Nice,
sdn,2015/06/08/sdnmlb-atlmlb-1,5,9,5,1,0,16,2,3,1,1,2,3,0,9,1,0,No-Talent Ass Clowns,Dr. Watson,
col,2015/06/08/slnmlb-colmlb-1,11,16,4,1,2,28,1,1,0,1,1,3,1,8,0,0,Portlandia Misfits,,
sln,2015/06/08/slnmlb-colmlb-1,3,8,1,0,2,15,0,0,0,1,1,11,0,8,0,0,Paly Players,No-Talent Ass Clowns,
tba,2015/06/09/anamlb-tbamlb-1,2,6,2,0,0,8,2,0,0,0,0,8,0,6,0,0,Dr. Watson,Damnedest of the Nice,
ana,2015/06/09/anamlb-tbamlb-1,8,15,5,0,1,23,2,0,0,0,0,2,1,10,0,1,,No-Talent Ass Clowns,
lan,2015/06/09/arimlb-lanmlb-1,3,7,1,0,1,11,5,0,0,0,0,1,1,6,1,1,Detroit Noojies (aka dbags),Buena Vista Bottoms,
ari,2015/06/09/arimlb-lanmlb-1,1,9,1,0,0,10,1,0,2,0,2,3,1,4,0,0,No-Talent Ass Clowns,Dr. Watson,
bal,2015/06/09/bosmlb-balmlb-1,1,5,1,0,0,6,3,0,1,0,1,0,0,6,1,0,Damnedest of the Nice,,
bos,2015/06/09/bosmlb-balmlb-1,0,5,2,0,0,7,4,0,0,0,0,1,1,8,0,0,Dr. Watson,,
det,2015/06/09/chnmlb-detmlb-1,6,13,4,1,0,19,2,0,0,0,0,0,1,9,0,0,Buena Vista Bottoms,Damnedest of the Nice,
chn,2015/06/09/chnmlb-detmlb-1,0,8,0,0,0,8,2,1,0,0,0,6,0,10,0,0,Detroit Noojies (aka dbags),Portlandia Misfits,
cha,2015/06/09/houmlb-chamlb-1,4,10,1,0,1,14,4,1,0,0,0,2,1,8,1,3,,No-Talent Ass Clowns,
hou,2015/06/09/houmlb-chamlb-1,2,7,2,0,1,12,2,1,0,0,0,4,1,8,0,0,Portlandia Misfits,Paly Players,
min,2015/06/09/kcamlb-minmlb-1,0,1,0,1,0,3,4,1,0,0,0,2,1,6,0,0,Buena Vista Bottoms,,
kca,2015/06/09/kcamlb-minmlb-1,2,9,1,0,1,13,4,1,0,0,0,0,1,5,1,3,Paly Players,Paly Players,
tor,2015/06/09/miamlb-tormlb-1,4,5,1,0,1,9,1,0,0,2,2,3,1,5,0,0,Buena Vista Bottoms,,
mia,2015/06/09/miamlb-tormlb-1,3,10,1,0,3,20,1,0,0,0,0,4,1,9,0,1,The Rube,Buena Vista Bottoms,
pit,2015/06/09/milmlb-pitmlb-1,1,4,2,0,1,9,1,1,0,0,0,4,1,6,0,0,Paly Players,The Rube,
mil,2015/06/09/milmlb-pitmlb-1,4,6,0,0,2,12,1,1,0,0,0,1,1,6,1,1,No-Talent Ass Clowns,Detroit Noojies (aka dbags),
cin,2015/06/09/phimlb-cinmlb-1,11,13,1,0,5,29,2,0,0,0,0,2,1,8,0,0,Detroit Noojies (aka dbags),The Rube,
phi,2015/06/09/phimlb-cinmlb-1,2,11,1,0,0,12,2,1,0,1,1,11,0,8,0,0,,,
atl,2015/06/09/sdnmlb-atlmlb-1,6,11,2,0,1,16,2,0,0,0,0,5,0,5,1,0,Damnedest of the Nice,Damnedest of the Nice,
sdn,2015/06/09/sdnmlb-atlmlb-1,5,14,4,0,1,21,3,1,1,0,1,6,0,7,0,0,No-Talent Ass Clowns,Dr. Watson,
cle,2015/06/09/seamlb-clemlb-1,2,8,0,0,2,14,2,0,0,0,0,3,1,5,0,0,Dr. Watson,Detroit Noojies (aka dbags),
sea,2015/06/09/seamlb-clemlb-1,3,10,5,0,0,15,4,1,0,0,0,2,1,3,1,3,,The Rube,
nyn,2015/06/09/sfnmlb-nynmlb-1,0,0,0,0,0,0,0,0,0,0,0,5,0,3,0,0,,Dr. Watson,
sfn,2015/06/09/sfnmlb-nynmlb-1,5,13,1,0,2,20,2,0,0,0,0,0,1,11,0,0,Portlandia Misfits,Portlandia Misfits,
col,2015/06/09/slnmlb-colmlb-1,4,10,1,0,1,14,2,0,0,0,0,3,1,11,1,2,Portlandia Misfits,,
sln,2015/06/09/slnmlb-colmlb-1,3,4,0,0,2,10,5,1,0,0,0,4,0,13,0,0,Paly Players,No-Talent Ass Clowns,
oak,2015/06/09/texmlb-oakmlb-1,1,5,2,0,0,7,4,0,0,0,0,2,1,9,0,0,The Rube,Buena Vista Bottoms,
tex,2015/06/09/texmlb-oakmlb-1,2,10,0,1,1,15,1,2,0,0,0,1,1,6,1,3,Damnedest of the Nice,Paly Players,
nya,2015/06/09/wasmlb-nyamlb-1,6,13,2,0,2,21,2,0,0,0,0,1,1,7,0,0,,Portlandia Misfits,
was,2015/06/09/wasmlb-nyamlb-1,1,6,2,0,1,11,1,0,0,0,0,6,0,7,0,0,The Rube,Detroit Noojies (aka dbags),
tba,2015/06/10/anamlb-tbamlb-1,4,9,3,0,1,15,3,1,0,0,0,2,0,8,1,3,Dr. Watson,Damnedest of the Nice,
ana,2015/06/10/anamlb-tbamlb-1,2,7,0,0,0,7,1,0,0,0,0,4,0,1,0,0,,No-Talent Ass Clowns,
lan,2015/06/10/arimlb-lanmlb-1,7,9,2,0,2,17,5,0,2,1,3,6,0,5,0,4,Detroit Noojies (aka dbags),Buena Vista Bottoms,
ari,2015/06/10/arimlb-lanmlb-1,6,11,1,0,3,21,2,1,1,1,2,7,0,8,0,0,No-Talent Ass Clowns,Dr. Watson,
bal,2015/06/10/bosmlb-balmlb-1,5,10,2,0,0,12,2,0,0,1,1,2,0,10,1,1,Damnedest of the Nice,,
bos,2015/06/10/bosmlb-balmlb-1,2,7,2,0,0,9,1,0,0,0,0,5,0,9,0,0,Dr. Watson,,
det,2015/06/10/chnmlb-detmlb-1,3,10,0,1,1,15,1,0,0,0,0,12,0,10,0,0,Buena Vista Bottoms,Damnedest of the Nice,
chn,2015/06/10/chnmlb-detmlb-1,12,16,1,1,2,25,5,0,0,0,0,3,1,11,0,0,Detroit Noojies (aka dbags),Portlandia Misfits,
cha,2015/06/10/houmlb-chamlb-1,4,9,1,0,3,19,6,0,0,0,0,1,1,6,1,1,,No-Talent Ass Clowns,
hou,2015/06/10/houmlb-chamlb-1,1,7,2,0,0,9,2,1,0,1,1,4,0,7,0,0,Portlandia Misfits,Paly Players,
min,2015/06/10/kcamlb-minmlb-1,2,7,0,0,1,10,3,0,0,0,0,7,0,7,0,0,Buena Vista Bottoms,,
kca,2015/06/10/kcamlb-minmlb-1,7,8,0,0,1,11,2,0,0,0,0,2,1,8,0,0,Paly Players,Paly Players,
tor,2015/06/10/miamlb-tormlb-1,7,9,2,0,4,23,2,0,0,1,1,2,1,6,0,0,Buena Vista Bottoms,,
mia,2015/06/10/miamlb-tormlb-1,2,7,2,1,1,14,0,0,0,0,0,7,0,7,0,0,The Rube,Buena Vista Bottoms,
pit,2015/06/10/milmlb-pitmlb-1,2,11,1,0,1,15,2,1,2,0,2,0,1,6,1,1,Paly Players,The Rube,
mil,2015/06/10/milmlb-pitmlb-1,0,3,0,0,0,3,3,0,0,0,0,2,1,4,0,0,No-Talent Ass Clowns,Detroit Noojies (aka dbags),
cin,2015/06/10/phimlb-cinmlb-1,5,11,1,0,1,15,1,0,0,0,0,2,1,4,1,3,Detroit Noojies (aka dbags),The Rube,
phi,2015/06/10/phimlb-cinmlb-1,2,10,2,0,0,12,2,1,0,0,0,5,0,7,0,0,,,
atl,2015/06/10/sdnmlb-atlmlb-1,4,13,0,0,0,13,3,0,0,0,0,1,1,6,1,1,Damnedest of the Nice,Damnedest of the Nice,
sdn,2015/06/10/sdnmlb-atlmlb-1,1,5,2,0,0,7,2,0,0,0,0,4,1,5,0,0,No-Talent Ass Clowns,Dr. Watson,
cle,2015/06/10/seamlb-clemlb-1,3,12,4,0,0,16,2,0,0,0,0,9,0,10,0,0,Dr. Watson,Detroit Noojies (aka dbags),
sea,2015/06/10/seamlb-clemlb-1,9,10,4,0,1,17,7,0,0,0,0,3,1,8,0,0,,The Rube,
nyn,2015/06/10/sfnmlb-nynmlb-1,5,11,3,1,0,16,2,0,0,0,0,8,0,5,0,0,,Dr. Watson,
sfn,2015/06/10/sfnmlb-nynmlb-1,8,14,3,0,3,26,3,0,0,0,0,5,0,10,1,4,Portlandia Misfits,Portlandia Misfits,
col,2015/06/10/slnmlb-colmlb-1,2,8,2,0,1,13,1,0,0,0,0,4,0,9,0,0,Portlandia Misfits,,
sln,2015/06/10/slnmlb-colmlb-1,4,11,2,0,1,16,3,0,0,0,0,2,1,10,1,1,Paly Players,No-Talent Ass Clowns,
oak,2015/06/10/texmlb-oakmlb-1,5,10,1,0,0,11,2,1,0,0,0,4,0,6,0,0,The Rube,Buena Vista Bottoms,
tex,2015/06/10/texmlb-oakmlb-1,4,8,1,0,0,9,4,0,0,1,1,5,1,10,0,1,Damnedest of the Nice,Paly Players,
nya,2015/06/10/wasmlb-nyamlb-1,4,8,2,1,0,12,3,0,0,0,0,5,1,6,0,0,,Portlandia Misfits,
was,2015/06/10/wasmlb-nyamlb-1,5,11,2,0,2,19,3,1,1,0,1,4,1,10,1,0,The Rube,Detroit Noojies (aka dbags),
tba,2015/06/11/anamlb-tbamlb-1,2,5,1,0,1,9,1,0,0,0,0,6,0,8,0,1,Dr. Watson,Damnedest of the Nice,
ana,2015/06/11/anamlb-tbamlb-1,6,14,1,0,2,21,4,1,0,0,0,2,1,9,0,1,,No-Talent Ass Clowns,
bal,2015/06/11/bosmlb-balmlb-1,6,10,2,0,3,21,2,0,0,1,1,5,0,6,1,2,Damnedest of the Nice,,
bos,2015/06/11/bosmlb-balmlb-1,5,8,2,0,1,13,2,0,0,1,1,6,0,5,0,0,Dr. Watson,,
chn,2015/06/11/cinmlb-chnmlb-1,6,8,3,0,2,17,5,0,0,0,0,3,0,6,1,3,Detroit Noojies (aka dbags),Portlandia Misfits,
cin,2015/06/11/cinmlb-chnmlb-1,3,6,1,1,1,12,2,0,0,0,0,6,0,10,0,0,Detroit Noojies (aka dbags),The Rube,
mia,2015/06/11/colmlb-miamlb-1,6,13,2,1,2,23,3,1,0,0,0,0,1,8,0,0,The Rube,Buena Vista Bottoms,
col,2015/06/11/colmlb-miamlb-1,0,5,1,0,0,6,1,0,0,0,0,6,0,5,0,0,Portlandia Misfits,,
atl,2015/06/11/sdnmlb-atlmlb-1,4,7,2,0,1,12,6,0,1,1,2,6,1,12,0,1,Damnedest of the Nice,Damnedest of the Nice,
sdn,2015/06/11/sdnmlb-atlmlb-1,6,7,0,0,0,7,7,1,0,0,0,4,1,5,1,0,No-Talent Ass Clowns,Dr. Watson,
cle,2015/06/11/seamlb-clemlb-1,6,10,1,0,1,14,3,0,0,0,0,0,1,7,0,0,Dr. Watson,Detroit Noojies (aka dbags),
sea,2015/06/11/seamlb-clemlb-1,0,2,1,0,0,3,0,0,0,0,0,6,0,10,0,0,,The Rube,
nyn,2015/06/11/sfnmlb-nynmlb-1,5,9,4,0,0,13,4,0,0,1,1,4,1,4,0,0,,Dr. Watson,
sfn,2015/06/11/sfnmlb-nynmlb-1,4,6,0,0,1,9,3,0,1,0,1,5,0,7,0,0,Portlandia Misfits,Portlandia Misfits,
oak,2015/06/11/texmlb-oakmlb-1,7,11,1,0,2,18,6,2,0,1,1,0,1,6,0,0,The Rube,Buena Vista Bottoms,
tex,2015/06/11/texmlb-oakmlb-1,0,1,0,0,0,1,2,0,0,0,0,7,1,4,0,0,Damnedest of the Nice,Paly Players,
mil,2015/06/11/wasmlb-milmlb-1,6,10,1,1,1,16,2,0,0,0,0,5,1,9,1,0,No-Talent Ass Clowns,Detroit Noojies (aka dbags),
was,2015/06/11/wasmlb-milmlb-1,5,8,1,0,1,12,2,0,0,0,0,6,0,6,0,0,The Rube,Detroit Noojies (aka dbags),
sfn,2015/06/12/arimlb-sfnmlb-1,0,2,0,0,0,2,1,1,0,0,0,1,1,8,0,0,Portlandia Misfits,Portlandia Misfits,
ari,2015/06/12/arimlb-sfnmlb-1,1,11,1,0,0,12,4,0,2,0,2,0,1,3,1,1,No-Talent Ass Clowns,Dr. Watson,
nyn,2015/06/12/atlmlb-nynmlb-1,5,7,2,0,2,15,4,1,0,0,0,3,1,3,1,2,,Dr. Watson,
atl,2015/06/12/atlmlb-nynmlb-1,3,9,2,0,0,11,6,0,1,0,1,5,0,7,0,0,Damnedest of the Nice,Damnedest of the Nice,
tba,2015/06/12/chamlb-tbamlb-1,7,14,1,0,0,15,2,1,2,1,3,5,0,8,1,3,Dr. Watson,Damnedest of the Nice,
cha,2015/06/12/chamlb-tbamlb-1,5,9,0,0,1,12,1,0,0,1,1,7,0,7,0,0,,No-Talent Ass Clowns,
chn,2015/06/12/cinmlb-chnmlb-1,4,8,2,0,1,13,3,0,1,0,1,5,0,12,0,0,Detroit Noojies (aka dbags),Portlandia Misfits,
cin,2015/06/12/cinmlb-chnmlb-1,5,9,3,0,1,15,4,3,0,0,0,4,0,11,1,0,Detroit Noojies (aka dbags),The Rube,
det,2015/06/12/clemlb-detmlb-1,4,9,1,1,1,15,2,1,0,0,0,0,1,8,0,0,Buena Vista Bottoms,Damnedest of the Nice,
cle,2015/06/12/clemlb-detmlb-1,0,7,1,0,0,8,0,0,0,0,0,4,1,6,0,0,Dr. Watson,Detroit Noojies (aka dbags),
mia,2015/06/12/colmlb-miamlb-1,5,8,1,0,2,15,4,2,0,0,0,1,1,5,0,2,The Rube,Buena Vista Bottoms,
col,2015/06/12/colmlb-miamlb-1,1,7,2,0,1,12,0,0,0,0,0,5,1,4,0,0,Portlandia Misfits,,
sln,2015/06/12/kcamlb-slnmlb-1,4,8,1,2,0,13,4,0,0,1,1,0,1,6,0,0,Paly Players,No-Talent Ass Clowns,
kca,2015/06/12/kcamlb-slnmlb-1,0,5,0,0,0,5,0,0,0,0,0,4,0,7,0,0,Paly Players,Paly Players,
sdn,2015/06/12/lanmlb-sdnmlb-1,3,7,1,0,2,14,3,1,0,0,0,4,1,6,0,0,No-Talent Ass Clowns,Dr. Watson,
lan,2015/06/12/lanmlb-sdnmlb-1,4,11,1,0,0,12,4,0,1,0,1,3,1,16,1,2,Detroit Noojies (aka dbags),Buena Vista Bottoms,
tex,2015/06/12/minmlb-texmlb-1,6,6,1,0,1,10,3,1,0,0,0,2,1,7,0,0,Damnedest of the Nice,Paly Players,
min,2015/06/12/minmlb-texmlb-1,2,5,0,0,1,8,3,0,0,1,1,6,1,8,0,0,Buena Vista Bottoms,,
bal,2015/06/12/nyamlb-balmlb-1,11,16,2,0,2,24,2,0,0,0,0,3,0,11,0,1,Damnedest of the Nice,,
nya,2015/06/12/nyamlb-balmlb-1,3,9,0,0,1,12,3,1,0,0,0,11,0,4,0,0,,Portlandia Misfits,
ana,2015/06/12/oakmlb-anamlb-1,5,9,2,0,2,17,3,0,0,0,0,4,0,9,1,0,,No-Talent Ass Clowns,
oak,2015/06/12/oakmlb-anamlb-1,4,10,1,0,3,20,2,2,0,0,0,5,1,3,0,0,The Rube,Buena Vista Bottoms,
pit,2015/06/12/phimlb-pitmlb-1,1,13,1,0,0,14,5,0,2,0,2,0,1,7,0,0,Paly Players,The Rube,
phi,2015/06/12/phimlb-pitmlb-1,0,11,1,0,0,12,3,0,1,0,1,1,0,12,0,0,,,
hou,2015/06/12/seamlb-houmlb-1,10,11,2,0,4,25,5,0,0,0,0,0,1,8,0,0,Portlandia Misfits,Paly Players,
sea,2015/06/12/seamlb-houmlb-1,0,4,0,0,0,4,3,0,0,0,0,10,0,10,0,0,,The Rube,
bos,2015/06/12/tormlb-bosmlb-1,10,12,2,0,3,23,7,0,0,0,0,13,0,4,0,0,Dr. Watson,,
tor,2015/06/12/tormlb-bosmlb-1,13,15,2,2,1,24,2,0,0,0,0,10,0,8,1,0,Buena Vista Bottoms,,
mil,2015/06/12/wasmlb-milmlb-1,8,16,6,0,0,22,1,1,0,0,0,4,1,11,0,0,No-Talent Ass Clowns,Detroit Noojies (aka dbags),
was,2015/06/12/wasmlb-milmlb-1,4,6,2,0,2,14,4,0,0,0,0,8,0,8,0,0,The Rube,Detroit Noojies (aka dbags),
sfn,2015/06/13/arimlb-sfnmlb-1,2,4,3,0,0,7,3,0,0,1,1,4,0,6,0,0,Portlandia Misfits,Portlandia Misfits,
ari,2015/06/13/arimlb-sfnmlb-1,4,7,0,0,0,7,5,1,0,0,0,2,0,4,1,2,No-Talent Ass Clowns,Dr. Watson,
nyn,2015/06/13/atlmlb-nynmlb-1,3,11,4,0,0,15,2,0,0,0,0,5,1,12,0,3,,Dr. Watson,
atl,2015/06/13/atlmlb-nynmlb-1,5,13,2,0,1,18,3,1,3,0,3,3,1,8,1,0,Damnedest of the Nice,Damnedest of the Nice,
tba,2015/06/13/chamlb-tbamlb-1,5,9,1,2,0,14,2,2,0,0,0,4,1,9,1,0,Dr. Watson,Damnedest of the Nice,
cha,2015/06/13/chamlb-tbamlb-1,4,9,0,0,1,12,2,0,0,0,0,5,1,8,0,0,,No-Talent Ass Clowns,
chn,2015/06/13/cinmlb-chnmlb-1,4,11,4,0,1,18,0,0,1,0,1,3,0,11,0,0,Detroit Noojies (aka dbags),Portlandia Misfits,
cin,2015/06/13/cinmlb-chnmlb-1,3,9,1,0,2,16,1,1,0,0,0,4,0,2,0,0,Detroit Noojies (aka dbags),The Rube,
det,2015/06/13/clemlb-detmlb-1,4,12,2,1,1,19,2,1,0,0,0,5,0,4,0,0,Buena Vista Bottoms,Damnedest of the Nice,
cle,2015/06/13/clemlb-detmlb-1,5,8,1,1,1,14,5,0,0,2,2,4,0,12,1,2,Dr. Watson,Detroit Noojies (aka dbags),
mia,2015/06/13/colmlb-miamlb-1,4,4,1,0,1,8,4,2,0,0,0,1,1,15,1,2,The Rube,Buena Vista Bottoms,
col,2015/06/13/colmlb-miamlb-1,1,5,1,1,0,8,2,2,0,0,0,4,0,6,0,0,Portlandia Misfits,,
sln,2015/06/13/kcamlb-slnmlb-1,3,10,0,1,1,15,2,1,1,0,1,2,0,10,1,4,Paly Players,No-Talent Ass Clowns,
kca,2015/06/13/kcamlb-slnmlb-1,2,5,1,0,2,12,2,1,1,0,1,3,0,7,0,0,Paly Players,Paly Players,
sdn,2015/06/13/lanmlb-sdnmlb-1,2,8,1,0,1,12,1,1,0,0,0,1,1,6,1,0,No-Talent Ass Clowns,Dr. Watson,
lan,2015/06/13/lanmlb-sdnmlb-1,1,5,0,0,1,8,1,0,0,0,0,2,1,7,0,0,Detroit Noojies (aka dbags),Buena Vista Bottoms,
tex,2015/06/13/minmlb-texmlb-1,11,15,5,0,2,26,5,0,0,0,0,7,1,7,0,0,Damnedest of the Nice,Paly Players,
min,2015/06/13/minmlb-texmlb-1,7,9,7,0,0,16,2,0,0,0,0,11,0,2,0,0,Buena Vista Bottoms,,
bal,2015/06/13/nyamlb-balmlb-1,9,15,3,1,3,29,0,0,0,0,0,4,0,9,0,0,Damnedest of the Nice,,
nya,2015/06/13/nyamlb-balmlb-1,4,11,5,0,1,19,2,0,0,0,0,9,0,4,0,0,,Portlandia Misfits,
ana,2015/06/13/oakmlb-anamlb-1,1,8,0,0,1,11,0,0,0,0,0,0,1,10,1,1,,No-Talent Ass Clowns,
oak,2015/06/13/oakmlb-anamlb-1,0,2,1,0,0,3,4,0,0,0,0,1,1,7,0,0,The Rube,Buena Vista Bottoms,
pit,2015/06/13/phimlb-pitmlb-1,4,8,1,0,0,9,4,1,1,0,1,3,1,8,1,2,Paly Players,The Rube,
phi,2015/06/13/phimlb-pitmlb-1,3,9,3,0,0,12,1,2,0,1,1,4,0,3,0,0,,,
hou,2015/06/13/seamlb-houmlb-1,1,6,3,0,0,9,5,0,0,0,0,8,0,7,0,0,Portlandia Misfits,Paly Players,
sea,2015/06/13/seamlb-houmlb-1,8,13,3,0,2,22,2,0,0,1,1,1,1,7,0,0,,The Rube,
bos,2015/06/13/tormlb-bosmlb-1,4,9,2,0,1,14,1,0,0,0,0,5,0,9,0,0,Dr. Watson,,
tor,2015/06/13/tormlb-bosmlb-1,5,12,0,0,1,15,1,0,0,0,0,4,1,10,1,0,Buena Vista Bottoms,,
mil,2015/06/13/wasmlb-milmlb-1,2,8,2,0,0,10,1,0,0,0,0,7,0,7,0,0,No-Talent Ass Clowns,Detroit Noojies (aka dbags),
was,2015/06/13/wasmlb-milmlb-1,7,11,1,0,2,18,2,1,0,0,0,2,1,8,0,0,The Rube,Detroit Noojies (aka dbags),
sfn,2015/06/14/arimlb-sfnmlb-1,0,8,1,0,0,9,3,0,0,0,0,4,0,11,0,0,Portlandia Misfits,Portlandia Misfits,
ari,2015/06/14/arimlb-sfnmlb-1,4,8,2,0,0,10,5,2,0,1,1,0,1,7,1,0,No-Talent Ass Clowns,Dr. Watson,
nyn,2015/06/14/atlmlb-nynmlb-1,10,14,2,0,4,28,4,1,0,0,0,8,0,7,1,2,,Dr. Watson,
atl,2015/06/14/atlmlb-nynmlb-1,8,14,3,0,1,20,3,1,0,0,0,10,0,9,0,0,Damnedest of the Nice,Damnedest of the Nice,
tba,2015/06/14/chamlb-tbamlb-1,2,5,0,0,1,8,3,2,0,0,0,1,1,10,1,1,Dr. Watson,Damnedest of the Nice,
cha,2015/06/14/chamlb-tbamlb-1,1,8,2,0,0,10,1,1,0,0,0,2,1,13,0,0,,No-Talent Ass Clowns,
chn,2015/06/14/cinmlb-chnmlb-1,2,8,4,0,0,12,2,0,1,1,2,1,1,7,0,0,Detroit Noojies (aka dbags),Portlandia Misfits,
cin,2015/06/14/cinmlb-chnmlb-1,1,7,4,0,0,11,4,5,0,0,0,2,1,10,0,0,Detroit Noojies (aka dbags),The Rube,
det,2015/06/14/clemlb-detmlb-1,8,10,1,0,2,17,2,1,0,0,0,1,0,7,0,1,Buena Vista Bottoms,Damnedest of the Nice,
cle,2015/06/14/clemlb-detmlb-1,1,8,0,0,1,11,1,0,0,0,0,8,0,5,0,0,Dr. Watson,Detroit Noojies (aka dbags),
mia,2015/06/14/colmlb-miamlb-1,1,5,1,0,0,6,5,1,1,0,1,4,1,9,0,0,The Rube,Buena Vista Bottoms,
col,2015/06/14/colmlb-miamlb-1,4,5,1,0,2,12,5,1,0,0,0,1,1,8,1,2,Portlandia Misfits,,
sln,2015/06/14/kcamlb-slnmlb-1,0,0,0,0,0,0,0,0,0,0,0,0,0,0,0,0,Paly Players,No-Talent Ass Clowns,
kca,2015/06/14/kcamlb-slnmlb-1,0,0,0,0,0,0,0,0,0,0,0,0,0,0,0,0,Paly Players,Paly Players,
sdn,2015/06/14/lanmlb-sdnmlb-1,2,11,0,0,0,11,4,1,1,0,1,4,1,12,0,0,No-Talent Ass Clowns,Dr. Watson,
lan,2015/06/14/lanmlb-sdnmlb-1,4,10,3,1,1,18,7,0,1,0,1,2,0,15,1,0,Detroit Noojies (aka dbags),Buena Vista Bottoms,
tex,2015/06/14/minmlb-texmlb-1,3,9,2,0,2,17,2,0,0,0,0,4,1,7,0,0,Damnedest of the Nice,Paly Players,
min,2015/06/14/minmlb-texmlb-1,4,11,4,4,1,26,3,0,0,0,0,3,1,6,1,0,Buena Vista Bottoms,,
bal,2015/06/14/nyamlb-balmlb-1,3,6,1,0,0,7,5,0,0,0,0,5,0,7,0,0,Damnedest of the Nice,,
nya,2015/06/14/nyamlb-balmlb-1,5,10,3,0,0,13,4,0,0,1,1,3,0,10,1,1,,Portlandia Misfits,
ana,2015/06/14/oakmlb-anamlb-1,1,5,0,0,0,5,1,0,0,0,0,8,0,9,0,0,,No-Talent Ass Clowns,
oak,2015/06/14/oakmlb-anamlb-1,8,12,4,0,0,16,1,2,0,0,0,1,1,10,0,0,The Rube,Buena Vista Bottoms,
pit,2015/06/14/phimlb-pitmlb-1,1,9,1,0,0,10,3,1,1,0,1,0,1,4,0,0,Paly Players,The Rube,
phi,2015/06/14/phimlb-pitmlb-1,0,6,1,0,0,7,1,2,0,0,0,1,1,17,0,0,,,
hou,2015/06/14/seamlb-houmlb-1,13,14,3,0,2,23,7,0,0,0,0,0,0,10,0,0,Portlandia Misfits,Paly Players,
sea,2015/06/14/seamlb-houmlb-1,0,2,1,0,0,3,5,0,0,0,0,13,0,8,0,0,,The Rube,
bos,2015/06/14/tormlb-bosmlb-1,5,8,0,1,1,13,6,0,0,0,0,13,0,4,0,0,Dr. Watson,,
tor,2015/06/14/tormlb-bosmlb-1,13,16,3,0,2,25,4,1,0,0,0,5,0,6,0,0,Buena Vista Bottoms,,
mil,2015/06/14/wasmlb-milmlb-1,0,1,0,0,0,1,1,0,0,0,0,4,0,9,0,0,No-Talent Ass Clowns,Detroit Noojies (aka dbags),
was,2015/06/14/wasmlb-milmlb-1,4,10,1,0,0,11,2,1,0,1,1,0,1,16,0,0,The Rube,Detroit Noojies (aka dbags),
ana,2015/06/15/arimlb-anamlb-1,3,4,1,0,0,5,4,0,0,0,0,7,0,7,0,0,,No-Talent Ass Clowns,
ari,2015/06/15/arimlb-anamlb-1,7,11,3,0,2,20,4,1,1,1,2,3,1,3,1,0,No-Talent Ass Clowns,Dr. Watson,
bos,2015/06/15/atlmlb-bosmlb-1,2,10,2,0,1,15,2,0,0,0,0,4,0,7,0,0,Dr. Watson,,
atl,2015/06/15/atlmlb-bosmlb-1,4,9,0,0,0,9,1,1,0,0,0,2,1,5,1,2,Damnedest of the Nice,Damnedest of the Nice,
pit,2015/06/15/chamlb-pitmlb-1,11,18,5,1,0,25,3,2,0,0,0,0,1,13,0,0,Paly Players,The Rube,
cha,2015/06/15/chamlb-pitmlb-1,0,2,0,0,0,2,1,0,0,0,0,11,0,6,0,0,,No-Talent Ass Clowns,
det,2015/06/15/cinmlb-detmlb-1,6,11,3,0,1,17,3,2,0,0,0,0,1,7,0,0,Buena Vista Bottoms,Damnedest of the Nice,
cin,2015/06/15/cinmlb-detmlb-1,0,2,0,0,0,2,0,1,0,0,0,6,0,5,0,0,Detroit Noojies (aka dbags),The Rube,
chn,2015/06/15/clemlb-chnmlb-1,0,0,0,0,0,0,0,0,0,0,0,0,0,0,0,0,Detroit Noojies (aka dbags),Portlandia Misfits,
cle,2015/06/15/clemlb-chnmlb-1,0,0,0,0,0,0,0,0,0,0,0,0,0,0,0,0,Dr. Watson,Detroit Noojies (aka dbags),
hou,2015/06/15/colmlb-houmlb-1,6,9,0,0,3,18,3,0,0,0,0,3,1,5,1,2,Portlandia Misfits,Paly Players,
col,2015/06/15/colmlb-houmlb-1,3,5,1,0,0,6,2,0,0,0,0,6,0,9,0,0,Portlandia Misfits,,
mil,2015/06/15/kcamlb-milmlb-1,5,11,4,0,0,15,4,0,0,0,0,8,0,3,0,0,No-Talent Ass Clowns,Detroit Noojies (aka dbags),
kca,2015/06/15/kcamlb-milmlb-1,8,13,2,0,1,18,3,0,0,1,1,5,0,7,1,0,Paly Players,Paly Players,
tex,2015/06/15/lanmlb-texmlb-1,4,6,0,0,0,6,3,1,1,0,1,1,1,6,1,0,Damnedest of the Nice,Paly Players,
lan,2015/06/15/lanmlb-texmlb-1,1,7,1,0,1,11,4,0,0,0,0,4,0,5,0,0,Detroit Noojies (aka dbags),Buena Vista Bottoms,
sln,2015/06/15/minmlb-slnmlb-1,3,9,0,1,2,17,2,0,1,0,1,2,1,7,1,0,Paly Players,No-Talent Ass Clowns,
min,2015/06/15/minmlb-slnmlb-1,2,5,2,1,0,9,1,0,0,1,1,3,0,6,0,0,Buena Vista Bottoms,,
mia,2015/06/15/nyamlb-miamlb-1,2,10,2,0,1,15,1,0,0,0,0,1,1,10,1,1,The Rube,Buena Vista Bottoms,
nya,2015/06/15/nyamlb-miamlb-1,1,3,1,0,1,7,3,0,0,0,0,2,1,8,0,0,,Portlandia Misfits,
sdn,2015/06/15/oakmlb-sdnmlb-1,1,5,1,0,0,6,3,1,1,0,1,9,0,10,0,0,No-Talent Ass Clowns,Dr. Watson,
oak,2015/06/15/oakmlb-sdnmlb-1,9,13,1,0,1,17,7,1,0,0,0,1,1,7,0,1,The Rube,Buena Vista Bottoms,
bal,2015/06/15/phimlb-balmlb-1,4,5,1,0,1,9,3,1,0,0,0,0,1,11,0,0,Damnedest of the Nice,,
phi,2015/06/15/phimlb-balmlb-1,0,4,1,0,0,5,1,0,0,0,0,4,0,5,0,0,,,
sfn,2015/06/15/seamlb-sfnmlb-1,1,7,1,0,0,8,0,0,0,0,0,5,0,8,0,0,Portlandia Misfits,Portlandia Misfits,
sea,2015/06/15/seamlb-sfnmlb-1,5,12,0,0,1,15,1,1,0,0,0,1,1,9,0,1,,The Rube,
nyn,2015/06/15/tormlb-nynmlb-1,4,6,3,0,0,9,2,0,1,0,1,3,1,14,0,2,,Dr. Watson,
tor,2015/06/15/tormlb-nynmlb-1,3,5,1,0,2,12,5,0,0,1,1,4,1,8,0,0,Buena Vista Bottoms,,
tba,2015/06/15/wasmlb-tbamlb-1,6,11,2,1,0,15,7,3,0,3,3,1,1,6,0,0,Dr. Watson,Damnedest of the Nice,
was,2015/06/15/wasmlb-tbamlb-1,1,8,1,0,0,9,5,1,0,0,0,6,0,4,0,0,The Rube,Detroit Noojies (aka dbags),
ana,2015/06/16/arimlb-anamlb-1,4,8,0,0,2,14,2,0,0,0,0,1,1,6,1,1,,No-Talent Ass Clowns,
ari,2015/06/16/arimlb-anamlb-1,1,5,0,0,0,5,3,0,0,1,1,4,1,7,0,0,No-Talent Ass Clowns,Dr. Watson,
bos,2015/06/16/atlmlb-bosmlb-1,9,18,5,3,1,32,1,0,0,0,0,4,1,11,0,1,Dr. Watson,,
atl,2015/06/16/atlmlb-bosmlb-1,4,10,4,0,0,14,2,0,0,0,0,9,0,3,0,0,Damnedest of the Nice,Damnedest of the Nice,
pit,2015/06/16/chamlb-pitmlb-1,3,10,0,0,2,16,3,3,0,0,0,0,1,3,1,1,Paly Players,The Rube,
cha,2015/06/16/chamlb-pitmlb-1,0,4,0,0,0,4,2,1,0,0,0,3,1,8,0,0,,No-Talent Ass Clowns,
det,2015/06/16/cinmlb-detmlb-1,2,7,1,0,0,8,3,0,1,0,1,5,0,6,0,0,Buena Vista Bottoms,Damnedest of the Nice,
cin,2015/06/16/cinmlb-detmlb-1,5,9,1,0,3,19,2,0,1,0,1,2,1,4,1,2,Detroit Noojies (aka dbags),The Rube,
chn,2015/06/16/clemlb-chnmlb-1,0,4,0,0,0,4,3,0,0,0,0,6,0,7,0,0,Detroit Noojies (aka dbags),Portlandia Misfits,
cle,2015/06/16/clemlb-chnmlb-1,6,9,2,0,1,14,8,3,0,0,0,0,1,9,0,0,Dr. Watson,Detroit Noojies (aka dbags),
hou,2015/06/16/colmlb-houmlb-1,8,11,0,0,3,20,4,2,0,0,0,5,0,13,1,2,Portlandia Misfits,Paly Players,
col,2015/06/16/colmlb-houmlb-1,5,9,3,1,1,17,4,2,0,0,0,8,0,10,0,0,Portlandia Misfits,,
mil,2015/06/16/kcamlb-milmlb-1,2,9,1,0,1,13,0,1,1,0,1,7,0,3,0,0,No-Talent Ass Clowns,Detroit Noojies (aka dbags),
kca,2015/06/16/kcamlb-milmlb-1,7,17,1,1,2,26,0,0,0,0,0,2,1,4,0,0,Paly Players,Paly Players,
tex,2015/06/16/lanmlb-texmlb-1,3,9,1,0,1,13,3,0,0,0,0,2,1,2,0,0,Damnedest of the Nice,Paly Players,
lan,2015/06/16/lanmlb-texmlb-1,2,7,0,0,1,10,2,0,0,0,0,3,1,4,0,0,Detroit Noojies (aka dbags),Buena Vista Bottoms,
sln,2015/06/16/minmlb-slnmlb-1,3,6,3,0,0,9,4,0,1,1,2,2,1,6,1,3,Paly Players,No-Talent Ass Clowns,
min,2015/06/16/minmlb-slnmlb-1,2,7,3,0,0,10,2,2,0,0,0,3,1,4,0,0,Buena Vista Bottoms,,
mia,2015/06/16/nyamlb-miamlb-1,12,16,1,1,1,22,3,0,1,0,1,2,1,6,0,0,The Rube,Buena Vista Bottoms,
nya,2015/06/16/nyamlb-miamlb-1,2,7,2,0,0,9,2,0,0,0,0,12,0,7,0,0,,Portlandia Misfits,
sdn,2015/06/16/oakmlb-sdnmlb-1,5,9,0,0,2,15,1,1,0,0,0,6,0,5,0,0,No-Talent Ass Clowns,Dr. Watson,
oak,2015/06/16/oakmlb-sdnmlb-1,6,8,2,1,1,15,6,2,0,0,0,5,0,12,1,2,The Rube,Buena Vista Bottoms,
bal,2015/06/16/phimlb-balmlb-1,19,17,2,0,8,43,8,0,0,1,1,3,1,5,0,0,Damnedest of the Nice,,
phi,2015/06/16/phimlb-balmlb-1,3,6,1,0,1,10,3,1,0,0,0,19,0,7,0,0,,,
sfn,2015/06/16/seamlb-sfnmlb-1,6,9,2,0,1,14,4,0,0,0,0,2,0,4,0,3,Portlandia Misfits,Portlandia Misfits,
sea,2015/06/16/seamlb-sfnmlb-1,2,5,0,0,1,8,4,2,0,0,0,6,1,6,0,0,,The Rube,
nyn,2015/06/16/tormlb-nynmlb-1,3,9,2,0,0,11,0,1,0,1,1,2,1,8,1,1,,Dr. Watson,
tor,2015/06/16/tormlb-nynmlb-1,2,7,1,1,0,10,2,0,0,1,1,3,0,4,0,0,Buena Vista Bottoms,,
tba,2015/06/16/wasmlb-tbamlb-1,4,8,1,0,1,12,2,0,0,0,0,16,0,3,0,0,Dr. Watson,Damnedest of the Nice,
was,2015/06/16/wasmlb-tbamlb-1,16,23,3,0,4,38,5,0,0,2,2,4,1,7,0,0,The Rube,Detroit Noojies (aka dbags),
ari,2015/06/17/anamlb-arimlb-1,3,10,1,1,2,19,2,2,1,0,1,2,1,4,1,3,No-Talent Ass Clowns,Dr. Watson,
ana,2015/06/17/anamlb-arimlb-1,2,11,2,1,0,15,1,0,0,0,0,3,0,12,0,0,,No-Talent Ass Clowns,
phi,2015/06/17/balmlb-phimlb-1,4,9,1,1,1,15,1,2,0,0,0,6,0,9,0,0,,,
bal,2015/06/17/balmlb-phimlb-1,6,8,2,0,2,16,1,0,0,0,0,4,1,9,1,2,Damnedest of the Nice,,
atl,2015/06/17/bosmlb-atlmlb-1,5,10,2,0,0,12,6,1,1,0,1,2,1,8,1,1,Damnedest of the Nice,Damnedest of the Nice,
bos,2015/06/17/bosmlb-atlmlb-1,2,8,0,0,1,11,2,0,1,0,1,5,0,6,0,1,Dr. Watson,,
cle,2015/06/17/chnmlb-clemlb-1,0,4,0,0,0,4,2,0,0,0,0,17,0,6,0,0,Dr. Watson,Detroit Noojies (aka dbags),
chn,2015/06/17/chnmlb-clemlb-1,17,18,2,1,4,34,5,0,0,0,0,0,1,6,0,0,Detroit Noojies (aka dbags),Portlandia Misfits,
cin,2015/06/17/detmlb-cinmlb-1,8,16,3,1,2,27,4,0,2,0,2,4,0,13,0,0,Detroit Noojies (aka dbags),The Rube,
det,2015/06/17/detmlb-cinmlb-1,4,6,2,0,2,14,3,1,0,0,0,8,0,14,0,0,Buena Vista Bottoms,Damnedest of the Nice,
col,2015/06/17/houmlb-colmlb-1,4,9,3,0,1,15,0,0,0,1,1,8,0,5,0,0,Portlandia Misfits,,
hou,2015/06/17/houmlb-colmlb-1,8,13,3,0,4,28,4,1,2,0,2,4,1,7,0,3,Portlandia Misfits,Paly Players,
nya,2015/06/17/miamlb-nyamlb-1,2,7,1,0,0,8,5,1,0,0,0,1,1,12,1,2,,Portlandia Misfits,
mia,2015/06/17/miamlb-nyamlb-1,1,3,0,0,1,6,4,0,0,0,0,2,1,4,0,0,The Rube,Buena Vista Bottoms,
kca,2015/06/17/milmlb-kcamlb-1,10,12,1,2,0,17,5,0,0,2,2,2,0,6,0,0,Paly Players,Paly Players,
mil,2015/06/17/milmlb-kcamlb-1,2,6,1,2,0,11,1,0,0,0,0,10,0,3,0,0,No-Talent Ass Clowns,Detroit Noojies (aka dbags),
tor,2015/06/17/nynmlb-tormlb-1,8,10,1,0,2,17,8,0,0,0,0,0,0,8,0,3,Buena Vista Bottoms,,
nyn,2015/06/17/nynmlb-tormlb-1,0,6,3,0,0,9,1,1,0,0,0,8,1,7,0,0,,Dr. Watson,
cha,2015/06/17/pitmlb-chamlb-1,2,4,1,0,0,5,2,0,0,0,0,3,1,5,0,0,,No-Talent Ass Clowns,
pit,2015/06/17/pitmlb-chamlb-1,3,5,1,0,1,9,0,0,1,0,1,2,1,10,1,2,Paly Players,The Rube,
oak,2015/06/17/sdnmlb-oakmlb-1,16,20,4,1,1,29,3,0,0,2,2,2,1,13,0,0,The Rube,Buena Vista Bottoms,
sdn,2015/06/17/sdnmlb-oakmlb-1,2,5,0,0,2,11,1,0,0,0,0,16,0,4,0,0,No-Talent Ass Clowns,Dr. Watson,
sea,2015/06/17/sfnmlb-seamlb-1,2,4,1,1,0,7,1,0,0,0,0,0,1,7,1,1,,The Rube,
sfn,2015/06/17/sfnmlb-seamlb-1,0,4,0,0,0,4,2,0,0,0,0,2,1,9,0,0,Portlandia Misfits,Portlandia Misfits,
min,2015/06/17/slnmlb-minmlb-1,3,7,3,1,0,12,3,0,0,1,1,1,1,8,1,1,Buena Vista Bottoms,,
sln,2015/06/17/slnmlb-minmlb-1,1,8,2,0,0,10,0,2,0,0,0,3,1,8,0,0,Paly Players,No-Talent Ass Clowns,
was,2015/06/17/tbamlb-wasmlb-1,0,2,0,0,0,2,2,0,0,0,0,5,1,11,0,0,The Rube,Detroit Noojies (aka dbags),
tba,2015/06/17/tbamlb-wasmlb-1,5,12,0,0,2,18,1,0,0,0,0,0,0,3,0,1,Dr. Watson,Damnedest of the Nice,
lan,2015/06/17/texmlb-lanmlb-1,3,9,4,0,1,16,5,0,1,0,1,5,1,14,0,0,Detroit Noojies (aka dbags),Buena Vista Bottoms,
tex,2015/06/17/texmlb-lanmlb-1,5,8,1,0,2,15,1,2,0,0,0,3,0,5,1,2,Damnedest of the Nice,Paly Players,
ari,2015/06/18/anamlb-arimlb-1,1,8,3,0,0,11,0,0,0,0,0,7,0,6,0,0,No-Talent Ass Clowns,Dr. Watson,
ana,2015/06/18/anamlb-arimlb-1,7,8,2,1,2,18,7,0,0,0,0,1,1,11,0,0,,No-Talent Ass Clowns,
phi,2015/06/18/balmlb-phimlb-1,2,5,0,0,1,8,2,1,1,0,1,1,0,11,1,2,,,
bal,2015/06/18/balmlb-phimlb-1,1,6,1,0,1,10,2,1,0,0,0,2,1,4,0,0,Damnedest of the Nice,,
atl,2015/06/18/bosmlb-atlmlb-1,2,6,1,0,0,7,2,0,0,0,0,5,0,8,0,0,Damnedest of the Nice,Damnedest of the Nice,
bos,2015/06/18/bosmlb-atlmlb-1,5,9,2,1,0,13,3,1,0,0,0,2,1,7,1,1,Dr. Watson,,
cle,2015/06/18/chnmlb-clemlb-1,4,8,2,0,0,10,3,1,0,1,1,3,0,13,1,1,Dr. Watson,Detroit Noojies (aka dbags),
chn,2015/06/18/chnmlb-clemlb-1,3,7,0,0,1,10,2,0,0,0,0,4,0,11,0,0,Detroit Noojies (aka dbags),Portlandia Misfits,
cin,2015/06/18/detmlb-cinmlb-1,0,0,0,0,0,0,0,0,0,0,0,0,0,0,0,0,Detroit Noojies (aka dbags),The Rube,
det,2015/06/18/detmlb-cinmlb-1,0,0,0,0,0,0,0,0,0,0,0,0,0,0,0,0,Buena Vista Bottoms,Damnedest of the Nice,
col,2015/06/18/houmlb-colmlb-1,4,7,2,0,1,12,6,0,1,0,1,8,0,17,0,0,Portlandia Misfits,,
hou,2015/06/18/houmlb-colmlb-1,8,13,4,0,2,23,2,3,1,0,1,4,1,11,0,1,Portlandia Misfits,Paly Players,
nya,2015/06/18/miamlb-nyamlb-1,9,15,4,0,2,25,6,0,0,1,1,4,1,12,0,1,,Portlandia Misfits,
mia,2015/06/18/miamlb-nyamlb-1,4,10,0,1,1,15,0,0,0,1,1,9,0,8,0,0,The Rube,Buena Vista Bottoms,
kca,2015/06/18/milmlb-kcamlb-1,3,13,2,0,0,15,2,2,0,1,1,2,1,7,1,2,Paly Players,Paly Players,
mil,2015/06/18/milmlb-kcamlb-1,2,8,1,0,0,9,1,1,0,1,1,3,0,4,0,0,No-Talent Ass Clowns,Detroit Noojies (aka dbags),
tor,2015/06/18/nynmlb-tormlb-1,7,10,2,0,1,15,2,1,0,0,0,1,1,9,0,0,Buena Vista Bottoms,,
nyn,2015/06/18/nynmlb-tormlb-1,1,3,1,0,1,7,5,0,0,0,0,7,0,10,0,0,,Dr. Watson,
cha,2015/06/18/pitmlb-chamlb-1,2,3,1,0,1,7,3,1,1,1,2,3,1,8,0,0,,No-Talent Ass Clowns,
pit,2015/06/18/pitmlb-chamlb-1,3,13,0,0,0,13,2,0,0,1,1,2,1,6,1,1,Paly Players,The Rube,
oak,2015/06/18/sdnmlb-oakmlb-1,1,5,3,0,1,11,1,0,0,0,0,3,1,8,0,0,The Rube,Buena Vista Bottoms,
sdn,2015/06/18/sdnmlb-oakmlb-1,3,7,1,1,2,16,2,2,0,1,1,1,1,7,1,2,No-Talent Ass Clowns,Dr. Watson,
sea,2015/06/18/sfnmlb-seamlb-1,0,5,0,0,0,5,4,0,0,0,0,7,0,2,0,0,,The Rube,
sfn,2015/06/18/sfnmlb-seamlb-1,7,10,1,1,0,13,4,0,0,0,0,0,1,8,0,1,Portlandia Misfits,Portlandia Misfits,
min,2015/06/18/slnmlb-minmlb-1,2,7,0,0,2,13,4,0,1,0,1,1,1,4,0,0,Buena Vista Bottoms,,
sln,2015/06/18/slnmlb-minmlb-1,1,5,2,0,1,10,1,0,0,0,0,2,1,6,0,1,Paly Players,No-Talent Ass Clowns,
was,2015/06/18/tbamlb-wasmlb-1,3,11,2,0,0,13,3,1,1,0,1,5,0,6,0,0,The Rube,Detroit Noojies (aka dbags),
tba,2015/06/18/tbamlb-wasmlb-1,5,12,2,1,1,19,1,0,0,0,0,3,0,8,1,3,Dr. Watson,Damnedest of the Nice,
lan,2015/06/18/texmlb-lanmlb-1,1,5,0,1,0,7,4,0,1,0,1,0,1,13,0,0,Detroit Noojies (aka dbags),Buena Vista Bottoms,
tex,2015/06/18/texmlb-lanmlb-1,0,4,0,0,0,4,0,0,0,0,0,1,1,6,0,0,Damnedest of the Nice,Paly Players,
oak,2015/06/19/anamlb-oakmlb-1,7,11,2,0,2,19,3,1,0,0,0,12,0,6,0,1,The Rube,Buena Vista Bottoms,
ana,2015/06/19/anamlb-oakmlb-1,12,12,5,0,1,20,6,0,0,2,2,7,0,6,0,2,,No-Talent Ass Clowns,
tor,2015/06/19/balmlb-tormlb-1,5,9,4,0,0,13,6,0,0,1,1,4,1,8,1,1,Buena Vista Bottoms,,
bal,2015/06/19/balmlb-tormlb-1,4,6,0,0,0,6,5,1,0,0,0,5,0,2,0,0,Damnedest of the Nice,,
kca,2015/06/19/bosmlb-kcamlb-1,3,10,4,0,1,17,2,0,0,0,0,7,0,2,0,0,Paly Players,Paly Players,
bos,2015/06/19/bosmlb-kcamlb-1,7,16,3,0,1,22,3,2,0,0,0,3,1,6,0,0,Dr. Watson,,
min,2015/06/19/chnmlb-minmlb-1,7,12,6,1,0,20,2,1,0,0,0,2,1,4,0,0,Buena Vista Bottoms,,
chn,2015/06/19/chnmlb-minmlb-1,2,4,0,0,2,10,0,0,0,0,0,7,0,3,0,0,Detroit Noojies (aka dbags),Portlandia Misfits,
nya,2015/06/19/detmlb-nyamlb-1,7,13,1,0,3,23,2,0,0,0,0,2,1,7,0,0,,Portlandia Misfits,
det,2015/06/19/detmlb-nyamlb-1,2,8,1,0,0,9,0,0,0,0,0,7,0,2,0,0,Buena Vista Bottoms,Damnedest of the Nice,
sea,2015/06/19/houmlb-seamlb-1,5,8,1,0,0,9,4,1,0,0,0,2,1,13,1,1,,The Rube,
hou,2015/06/19/houmlb-seamlb-1,2,4,1,0,2,11,0,0,0,0,0,5,0,7,0,0,Portlandia Misfits,Paly Players,
cin,2015/06/19/miamlb-cinmlb-1,5,9,4,0,1,16,3,1,0,0,0,0,1,9,0,1,Detroit Noojies (aka dbags),The Rube,
mia,2015/06/19/miamlb-cinmlb-1,0,4,1,0,0,5,3,0,0,0,0,5,1,8,0,0,The Rube,Buena Vista Bottoms,
col,2015/06/19/milmlb-colmlb-1,5,11,3,3,0,20,1,2,0,0,0,9,0,6,0,0,Portlandia Misfits,,
mil,2015/06/19/milmlb-colmlb-1,9,16,3,1,2,27,4,1,0,1,1,5,0,6,0,0,No-Talent Ass Clowns,Detroit Noojies (aka dbags),
atl,2015/06/19/nynmlb-atlmlb-1,2,6,2,0,0,8,2,0,1,0,1,1,1,4,1,0,Damnedest of the Nice,Damnedest of the Nice,
nyn,2015/06/19/nynmlb-atlmlb-1,1,6,1,0,0,7,0,0,2,0,2,2,1,4,0,0,,Dr. Watson,
was,2015/06/19/pitmlb-wasmlb-1,4,14,2,1,0,18,1,2,0,0,0,1,1,13,1,1,The Rube,Detroit Noojies (aka dbags),
pit,2015/06/19/pitmlb-wasmlb-1,1,6,1,0,0,7,1,0,0,0,0,4,1,7,0,0,Paly Players,The Rube,
ari,2015/06/19/sdnmlb-arimlb-1,4,9,4,0,0,13,4,1,0,0,0,2,1,7,1,1,No-Talent Ass Clowns,Dr. Watson,
sdn,2015/06/19/sdnmlb-arimlb-1,2,6,1,0,0,7,5,0,0,1,1,4,0,8,0,0,No-Talent Ass Clowns,Dr. Watson,
lan,2015/06/19/sfnmlb-lanmlb-1,5,9,3,0,1,15,2,0,0,0,0,9,0,11,0,0,Detroit Noojies (aka dbags),Buena Vista Bottoms,
sfn,2015/06/19/sfnmlb-lanmlb-1,9,12,2,0,1,17,6,1,0,0,0,5,0,4,1,1,Portlandia Misfits,Portlandia Misfits,
phi,2015/06/19/slnmlb-phimlb-1,4,11,1,0,1,15,4,0,0,0,0,12,0,10,0,0,,,
sln,2015/06/19/slnmlb-phimlb-1,12,16,3,0,3,28,10,0,0,1,1,4,0,8,0,0,Paly Players,No-Talent Ass Clowns,
cle,2015/06/19/tbamlb-clemlb-1,1,7,1,0,0,8,3,0,0,0,0,4,1,7,0,0,Dr. Watson,Detroit Noojies (aka dbags),
tba,2015/06/19/tbamlb-clemlb-1,4,11,0,0,3,20,1,0,0,1,1,1,0,9,1,3,Dr. Watson,Damnedest of the Nice,
cha,2015/06/19/texmlb-chamlb-1,1,9,1,0,1,13,1,0,0,0,0,2,1,16,0,0,,No-Talent Ass Clowns,
tex,2015/06/19/texmlb-chamlb-1,2,4,0,0,0,4,2,0,0,0,0,1,1,7,1,0,Damnedest of the Nice,Paly Players,
oak,2015/06/20/anamlb-oakmlb-1,4,11,5,0,0,16,3,1,0,0,0,1,1,4,1,0,The Rube,Buena Vista Bottoms,
ana,2015/06/20/anamlb-oakmlb-1,1,5,0,0,0,5,4,0,0,0,0,4,0,6,0,0,,No-Talent Ass Clowns,
tor,2015/06/20/balmlb-tormlb-1,3,10,2,0,0,12,3,0,0,1,1,5,1,8,0,0,Buena Vista Bottoms,,
bal,2015/06/20/balmlb-tormlb-1,5,10,3,0,0,13,1,0,0,1,1,3,0,7,1,0,Damnedest of the Nice,,
kca,2015/06/20/bosmlb-kcamlb-1,7,11,1,0,2,18,3,4,0,1,1,4,0,5,1,4,Paly Players,Paly Players,
bos,2015/06/20/bosmlb-kcamlb-1,4,10,2,1,1,17,3,0,1,0,1,7,0,3,0,0,Dr. Watson,,
min,2015/06/20/chnmlb-minmlb-1,1,7,0,0,1,10,5,2,0,0,0,4,1,11,0,0,Buena Vista Bottoms,,
chn,2015/06/20/chnmlb-minmlb-1,4,11,2,0,0,13,3,1,0,0,0,1,1,8,1,0,Detroit Noojies (aka dbags),Portlandia Misfits,
nya,2015/06/20/detmlb-nyamlb-1,14,18,1,1,5,36,6,0,0,1,1,3,1,6,1,0,,Portlandia Misfits,
det,2015/06/20/detmlb-nyamlb-1,3,7,2,0,0,9,1,0,0,0,0,14,0,5,0,0,Buena Vista Bottoms,Damnedest of the Nice,
sea,2015/06/20/houmlb-seamlb-1,6,7,0,0,3,16,5,1,0,0,0,3,1,15,1,3,,The Rube,
hou,2015/06/20/houmlb-seamlb-1,3,8,1,0,2,15,1,0,0,0,0,6,0,8,0,0,Portlandia Misfits,Paly Players,
cin,2015/06/20/miamlb-cinmlb-1,0,5,1,0,0,6,2,0,0,0,0,5,0,5,0,0,Detroit Noojies (aka dbags),The Rube,
mia,2015/06/20/miamlb-cinmlb-1,5,6,3,0,2,15,3,1,0,0,0,0,1,3,0,0,The Rube,Buena Vista Bottoms,
col,2015/06/20/milmlb-colmlb-1,5,7,1,0,1,11,2,1,1,1,2,1,1,7,0,1,Portlandia Misfits,,
mil,2015/06/20/milmlb-colmlb-1,1,6,1,0,1,10,2,2,1,0,1,5,1,8,0,0,No-Talent Ass Clowns,Detroit Noojies (aka dbags),
atl,2015/06/20/nynmlb-atlmlb-1,6,10,1,1,0,13,4,1,0,2,2,4,0,8,1,2,Damnedest of the Nice,Damnedest of the Nice,
nyn,2015/06/20/nynmlb-atlmlb-1,4,8,0,0,2,14,2,0,0,0,0,6,0,7,0,0,,Dr. Watson,
was,2015/06/20/pitmlb-wasmlb-1,6,8,2,0,1,13,1,1,1,0,1,0,1,10,0,0,The Rube,Detroit Noojies (aka dbags),
pit,2015/06/20/pitmlb-wasmlb-1,0,0,0,0,0,0,0,0,0,0,0,6,0,8,0,0,Paly Players,The Rube,
ari,2015/06/20/sdnmlb-arimlb-1,1,4,1,1,0,7,1,0,1,0,1,8,0,10,0,0,No-Talent Ass Clowns,Dr. Watson,
sdn,2015/06/20/sdnmlb-arimlb-1,8,10,4,2,2,24,4,0,0,0,0,1,1,9,0,0,No-Talent Ass Clowns,Dr. Watson,
lan,2015/06/20/sfnmlb-lanmlb-1,2,7,2,0,2,15,2,0,0,0,0,6,0,5,0,0,Detroit Noojies (aka dbags),Buena Vista Bottoms,
sfn,2015/06/20/sfnmlb-lanmlb-1,6,8,2,0,2,16,2,0,0,2,2,2,1,6,0,0,Portlandia Misfits,Portlandia Misfits,
phi,2015/06/20/slnmlb-phimlb-1,1,6,0,0,1,9,4,0,1,0,1,10,0,8,0,0,,,
sln,2015/06/20/slnmlb-phimlb-1,10,16,4,0,2,26,2,2,0,1,1,1,1,4,0,0,Paly Players,No-Talent Ass Clowns,
cle,2015/06/20/tbamlb-clemlb-1,1,6,1,0,0,7,4,0,0,0,0,4,0,6,0,0,Dr. Watson,Detroit Noojies (aka dbags),
tba,2015/06/20/tbamlb-clemlb-1,4,6,1,1,1,12,6,1,0,0,0,1,0,9,1,0,Dr. Watson,Damnedest of the Nice,
cha,2015/06/20/texmlb-chamlb-1,3,6,0,0,0,6,4,0,0,1,1,2,1,11,1,2,,No-Talent Ass Clowns,
tex,2015/06/20/texmlb-chamlb-1,2,4,0,0,0,4,3,1,1,0,1,3,1,2,0,0,Damnedest of the Nice,Paly Players,
oak,2015/06/21/anamlb-oakmlb-1,3,8,2,0,0,10,2,0,0,0,0,2,1,9,1,0,The Rube,Buena Vista Bottoms,
ana,2015/06/21/anamlb-oakmlb-1,2,8,0,0,1,11,3,0,0,0,0,3,1,3,0,0,,No-Talent Ass Clowns,
tor,2015/06/21/balmlb-tormlb-1,9,12,4,0,3,25,6,0,1,0,1,13,0,9,0,1,Buena Vista Bottoms,,
bal,2015/06/21/balmlb-tormlb-1,13,16,0,2,2,26,5,0,0,0,0,9,0,8,0,0,Damnedest of the Nice,,
kca,2015/06/21/bosmlb-kcamlb-1,2,9,0,1,0,11,4,0,0,0,0,13,0,5,0,0,Paly Players,Paly Players,
bos,2015/06/21/bosmlb-kcamlb-1,13,16,8,2,3,37,4,0,0,0,0,2,1,5,0,0,Dr. Watson,,
min,2015/06/21/chnmlb-minmlb-1,0,4,1,0,0,5,0,1,0,0,0,8,0,10,0,0,Buena Vista Bottoms,,
chn,2015/06/21/chnmlb-minmlb-1,8,12,1,0,2,19,5,0,1,1,2,0,1,7,0,0,Detroit Noojies (aka dbags),Portlandia Misfits,
nya,2015/06/21/detmlb-nyamlb-1,4,9,0,0,3,18,2,1,0,0,0,12,0,9,0,0,,Portlandia Misfits,
det,2015/06/21/detmlb-nyamlb-1,12,15,0,0,5,30,7,0,0,0,0,4,1,6,0,0,Buena Vista Bottoms,Damnedest of the Nice,
sea,2015/06/21/houmlb-seamlb-1,2,4,2,0,0,6,6,0,0,1,1,6,0,10,0,0,,The Rube,
hou,2015/06/21/houmlb-seamlb-1,6,10,1,0,2,17,4,0,0,0,0,2,0,8,0,2,Portlandia Misfits,Paly Players,
cin,2015/06/21/miamlb-cinmlb-1,5,11,0,0,2,17,2,0,1,0,1,2,1,9,1,1,Detroit Noojies (aka dbags),The Rube,
mia,2015/06/21/miamlb-cinmlb-1,2,9,2,0,1,14,2,1,0,0,0,5,0,3,0,0,The Rube,Buena Vista Bottoms,
col,2015/06/21/milmlb-colmlb-1,10,15,2,0,1,20,3,3,1,0,1,4,1,5,0,0,Portlandia Misfits,,
mil,2015/06/21/milmlb-colmlb-1,4,11,4,1,0,17,1,0,0,0,0,10,0,5,0,0,No-Talent Ass Clowns,Detroit Noojies (aka dbags),
atl,2015/06/21/nynmlb-atlmlb-1,1,6,2,0,0,8,3,1,0,0,0,0,1,6,1,2,Damnedest of the Nice,Damnedest of the Nice,
nyn,2015/06/21/nynmlb-atlmlb-1,0,4,1,0,0,5,2,0,0,0,0,1,1,7,0,0,,Dr. Watson,
was,2015/06/21/pitmlb-wasmlb-1,9,12,2,0,2,20,2,1,0,0,0,2,1,5,0,0,The Rube,Detroit Noojies (aka dbags),
pit,2015/06/21/pitmlb-wasmlb-1,2,8,3,0,1,14,2,0,0,0,0,9,0,9,0,0,Paly Players,The Rube,
ari,2015/06/21/sdnmlb-arimlb-1,7,4,1,0,0,5,2,1,0,0,0,2,1,8,1,0,No-Talent Ass Clowns,Dr. Watson,
sdn,2015/06/21/sdnmlb-arimlb-1,2,8,4,0,0,12,0,0,0,1,1,7,0,6,0,0,No-Talent Ass Clowns,Dr. Watson,
lan,2015/06/21/sfnmlb-lanmlb-1,10,16,3,0,4,31,3,0,2,0,2,2,1,5,0,0,Detroit Noojies (aka dbags),Buena Vista Bottoms,
sfn,2015/06/21/sfnmlb-lanmlb-1,2,8,4,0,0,12,3,0,0,0,0,10,0,5,0,0,Portlandia Misfits,Portlandia Misfits,
phi,2015/06/21/slnmlb-phimlb-1,9,13,3,0,1,19,2,1,0,0,0,2,0,10,0,1,,,
sln,2015/06/21/slnmlb-phimlb-1,2,7,2,0,2,15,2,0,1,0,1,9,0,8,0,0,Paly Players,No-Talent Ass Clowns,
cle,2015/06/21/tbamlb-clemlb-1,1,3,0,0,0,3,3,0,0,1,1,0,1,6,0,0,Dr. Watson,Detroit Noojies (aka dbags),
tba,2015/06/21/tbamlb-clemlb-1,0,7,1,0,0,8,2,1,0,0,0,1,1,5,0,0,Dr. Watson,Damnedest of the Nice,
cha,2015/06/21/texmlb-chamlb-1,3,12,3,0,1,18,2,0,0,1,1,2,1,8,0,0,,No-Talent Ass Clowns,
tex,2015/06/21/texmlb-chamlb-1,2,8,3,0,2,17,5,0,1,0,1,3,0,11,0,0,Damnedest of the Nice,Paly Players,
min,2015/06/22/chamlb-minmlb-1,13,15,3,0,4,30,2,1,0,1,1,2,1,4,0,0,Buena Vista Bottoms,,
cha,2015/06/22/chamlb-minmlb-1,2,11,2,0,0,13,4,0,0,0,0,13,0,4,0,0,,No-Talent Ass Clowns,
cle,2015/06/22/detmlb-clemlb-1,5,9,2,0,2,17,2,0,1,0,1,8,0,6,0,0,Dr. Watson,Detroit Noojies (aka dbags),
det,2015/06/22/detmlb-clemlb-1,8,13,3,0,1,19,5,0,0,2,2,5,0,3,0,0,Buena Vista Bottoms,Damnedest of the Nice,
ana,2015/06/22/houmlb-anamlb-1,4,7,0,0,2,13,5,1,1,0,1,3,1,6,0,1,,No-Talent Ass Clowns,
hou,2015/06/22/houmlb-anamlb-1,3,5,2,0,1,10,2,0,0,0,0,4,0,8,0,0,Portlandia Misfits,Paly Players,
sea,2015/06/22/kcamlb-seamlb-1,1,2,1,0,1,6,1,0,0,0,0,4,0,6,0,0,,The Rube,
kca,2015/06/22/kcamlb-seamlb-1,4,10,2,0,0,12,2,1,0,0,0,1,1,13,1,2,Paly Players,Paly Players,
chn,2015/06/22/lanmlb-chnmlb-1,4,5,0,0,3,14,2,0,0,0,0,2,0,8,1,3,Detroit Noojies (aka dbags),Portlandia Misfits,
lan,2015/06/22/lanmlb-chnmlb-1,2,5,0,0,2,11,4,0,0,0,0,4,1,10,0,0,Detroit Noojies (aka dbags),Buena Vista Bottoms,
nya,2015/06/22/phimlb-nyamlb-1,8,14,4,0,2,24,4,0,0,1,1,11,0,6,0,0,,Portlandia Misfits,
phi,2015/06/22/phimlb-nyamlb-1,11,18,3,0,2,27,1,1,0,0,0,8,0,5,0,0,,,
tba,2015/06/22/tormlb-tbamlb-1,5,15,2,1,1,22,4,5,0,0,0,8,0,7,0,0,Dr. Watson,Damnedest of the Nice,
tor,2015/06/22/tormlb-tbamlb-1,8,11,2,0,3,22,2,0,0,0,0,5,0,15,1,2,Buena Vista Bottoms,,
col,2015/06/23/arimlb-colmlb-1,10,11,2,0,5,28,3,0,1,0,1,5,0,5,0,0,Portlandia Misfits,,
ari,2015/06/23/arimlb-colmlb-1,5,11,0,0,3,20,2,0,0,0,0,10,0,5,0,0,No-Talent Ass Clowns,Dr. Watson,
was,2015/06/23/atlmlb-wasmlb-1,3,12,2,0,0,14,1,1,1,0,1,1,0,9,1,3,The Rube,Detroit Noojies (aka dbags),
atl,2015/06/23/atlmlb-wasmlb-1,1,9,1,0,1,13,2,0,0,0,0,3,1,3,0,0,Damnedest of the Nice,Damnedest of the Nice,
bos,2015/06/23/balmlb-bosmlb-1,4,8,2,0,0,10,5,0,0,0,0,6,0,5,0,0,Dr. Watson,,
bal,2015/06/23/balmlb-bosmlb-1,6,11,2,1,1,18,3,0,1,1,2,4,0,12,1,3,Damnedest of the Nice,,
min,2015/06/23/chamlb-minmlb-1,2,9,1,0,1,13,1,0,0,0,0,6,1,5,0,0,Buena Vista Bottoms,,
cha,2015/06/23/chamlb-minmlb-1,6,15,6,0,0,21,3,0,0,0,0,2,1,7,1,1,,No-Talent Ass Clowns,
pit,2015/06/23/cinmlb-pitmlb-1,7,7,3,1,2,18,8,1,0,0,0,6,0,9,1,2,Paly Players,The Rube,
cin,2015/06/23/cinmlb-pitmlb-1,6,14,1,0,1,18,3,2,0,1,1,7,0,5,0,0,Detroit Noojies (aka dbags),The Rube,
cle,2015/06/23/detmlb-clemlb-1,3,12,4,0,0,16,0,0,0,1,1,7,0,14,0,0,Dr. Watson,Detroit Noojies (aka dbags),
det,2015/06/23/detmlb-clemlb-1,7,9,3,0,1,15,3,0,0,0,0,3,1,8,0,0,Buena Vista Bottoms,Damnedest of the Nice,
ana,2015/06/23/houmlb-anamlb-1,3,11,2,0,0,13,1,0,0,0,0,13,0,8,0,0,,No-Talent Ass Clowns,
hou,2015/06/23/houmlb-anamlb-1,13,16,4,0,3,29,4,0,0,1,1,3,1,6,0,0,Portlandia Misfits,Paly Players,
sea,2015/06/23/kcamlb-seamlb-1,7,10,2,0,2,18,5,0,0,0,0,0,1,10,0,0,,The Rube,
kca,2015/06/23/kcamlb-seamlb-1,0,5,0,0,0,5,0,0,0,0,0,7,0,6,0,0,Paly Players,Paly Players,
chn,2015/06/23/lanmlb-chnmlb-1,1,5,1,0,0,6,3,2,0,1,1,0,1,8,0,0,Detroit Noojies (aka dbags),Portlandia Misfits,
lan,2015/06/23/lanmlb-chnmlb-1,0,3,1,1,0,6,3,0,1,0,1,1,1,8,0,0,Detroit Noojies (aka dbags),Buena Vista Bottoms,
mil,2015/06/23/nynmlb-milmlb-1,3,9,2,0,0,11,5,1,1,1,2,2,1,12,1,0,No-Talent Ass Clowns,Detroit Noojies (aka dbags),
nyn,2015/06/23/nynmlb-milmlb-1,2,4,0,0,1,7,2,1,0,1,1,3,1,6,0,0,,Dr. Watson,
tex,2015/06/23/oakmlb-texmlb-1,6,11,5,0,1,19,4,0,0,1,1,8,0,5,0,0,Damnedest of the Nice,Paly Players,
oak,2015/06/23/oakmlb-texmlb-1,8,11,3,0,2,20,2,0,0,0,0,6,0,7,1,3,The Rube,Buena Vista Bottoms,
nya,2015/06/23/phimlb-nyamlb-1,6,13,4,0,4,29,2,1,0,1,1,11,0,11,0,0,,Portlandia Misfits,
phi,2015/06/23/phimlb-nyamlb-1,11,11,4,1,2,23,4,0,0,0,0,6,0,7,0,0,,,
sfn,2015/06/23/sdnmlb-sfnmlb-1,2,7,2,0,0,9,6,1,0,0,0,3,1,18,0,0,Portlandia Misfits,Portlandia Misfits,
sdn,2015/06/23/sdnmlb-sfnmlb-1,3,8,3,0,0,11,2,0,0,0,0,2,0,10,1,0,No-Talent Ass Clowns,Dr. Watson,
mia,2015/06/23/slnmlb-miamlb-1,3,10,2,0,1,15,2,0,0,0,0,4,0,7,0,0,The Rube,Buena Vista Bottoms,
sln,2015/06/23/slnmlb-miamlb-1,4,9,1,0,1,13,3,0,0,0,0,3,1,11,1,1,Paly Players,No-Talent Ass Clowns,
tba,2015/06/23/tormlb-tbamlb-1,4,9,1,0,1,13,4,1,0,0,0,3,1,9,1,0,Dr. Watson,Damnedest of the Nice,
tor,2015/06/23/tormlb-tbamlb-1,3,4,0,0,2,10,1,0,1,0,1,4,1,2,0,0,Buena Vista Bottoms,,
col,2015/06/24/arimlb-colmlb-1,7,8,0,0,1,11,5,2,0,0,0,8,0,6,0,4,Portlandia Misfits,,
ari,2015/06/24/arimlb-colmlb-1,8,13,3,0,1,19,5,0,0,1,1,7,0,6,1,0,No-Talent Ass Clowns,Dr. Watson,
was,2015/06/24/atlmlb-wasmlb-1,2,6,2,0,0,8,6,0,1,1,2,1,1,6,0,0,The Rube,Detroit Noojies (aka dbags),
atl,2015/06/24/atlmlb-wasmlb-1,1,10,1,0,0,11,1,0,0,1,1,2,1,7,0,0,Damnedest of the Nice,Damnedest of the Nice,
bos,2015/06/24/balmlb-bosmlb-1,5,7,0,0,1,10,1,0,1,0,1,1,1,11,0,0,Dr. Watson,,
bal,2015/06/24/balmlb-bosmlb-1,1,8,2,0,0,10,1,0,0,0,0,5,0,5,0,0,Damnedest of the Nice,,
min,2015/06/24/chamlb-minmlb-1,6,11,4,0,0,15,1,0,0,1,1,1,1,5,0,0,Buena Vista Bottoms,,
cha,2015/06/24/chamlb-minmlb-1,1,7,2,1,1,14,0,0,0,0,0,6,0,10,0,0,,No-Talent Ass Clowns,
pit,2015/06/24/cinmlb-pitmlb-1,2,8,2,0,0,10,1,0,1,0,1,5,0,8,0,0,Paly Players,The Rube,
cin,2015/06/24/cinmlb-pitmlb-1,5,12,3,0,1,18,4,2,1,0,1,2,1,9,1,2,Detroit Noojies (aka dbags),The Rube,
cle,2015/06/24/detmlb-clemlb-1,8,13,4,0,1,20,8,0,0,0,0,2,1,9,0,0,Dr. Watson,Detroit Noojies (aka dbags),
det,2015/06/24/detmlb-clemlb-1,2,5,2,0,1,10,1,1,0,0,0,8,0,11,0,0,Buena Vista Bottoms,Damnedest of the Nice,
ana,2015/06/24/houmlb-anamlb-1,2,9,1,0,0,10,6,0,1,1,2,1,1,12,0,0,,No-Talent Ass Clowns,
hou,2015/06/24/houmlb-anamlb-1,1,7,1,0,0,8,3,1,0,0,0,2,1,12,0,0,Portlandia Misfits,Paly Players,
sea,2015/06/24/kcamlb-seamlb-1,2,9,0,0,0,9,0,0,0,1,1,8,0,4,0,0,,The Rube,
kca,2015/06/24/kcamlb-seamlb-1,8,13,4,0,1,20,1,1,0,0,0,2,0,6,0,0,Paly Players,Paly Players,
chn,2015/06/24/lanmlb-chnmlb-1,2,9,1,0,0,10,4,0,0,0,0,5,0,10,0,0,Detroit Noojies (aka dbags),Portlandia Misfits,
lan,2015/06/24/lanmlb-chnmlb-1,5,7,2,0,2,15,1,0,0,0,0,2,0,8,1,2,Detroit Noojies (aka dbags),Buena Vista Bottoms,
mil,2015/06/24/nynmlb-milmlb-1,4,10,3,0,1,16,2,0,0,0,0,1,1,6,1,0,No-Talent Ass Clowns,Detroit Noojies (aka dbags),
nyn,2015/06/24/nynmlb-milmlb-1,1,3,1,0,1,7,1,0,0,0,0,4,0,4,0,0,,Dr. Watson,
tex,2015/06/24/oakmlb-texmlb-1,2,9,3,0,0,12,2,0,0,0,0,8,0,9,0,0,Damnedest of the Nice,Paly Players,
oak,2015/06/24/oakmlb-texmlb-1,8,14,3,0,2,23,5,0,0,0,0,2,1,7,0,0,The Rube,Buena Vista Bottoms,
nya,2015/06/24/phimlb-nyamlb-1,10,15,3,0,0,18,6,0,0,0,0,2,1,3,0,0,,Portlandia Misfits,
phi,2015/06/24/phimlb-nyamlb-1,2,6,3,0,0,9,3,0,0,0,0,10,0,7,0,0,,,
sfn,2015/06/24/sdnmlb-sfnmlb-1,6,6,1,1,1,12,4,0,2,1,3,0,1,7,0,0,Portlandia Misfits,Portlandia Misfits,
sdn,2015/06/24/sdnmlb-sfnmlb-1,0,5,2,0,0,7,2,1,0,0,0,6,1,9,0,0,No-Talent Ass Clowns,Dr. Watson,
mia,2015/06/24/slnmlb-miamlb-1,1,7,0,0,1,10,0,1,0,0,0,6,0,4,0,0,The Rube,Buena Vista Bottoms,
sln,2015/06/24/slnmlb-miamlb-1,6,7,0,0,2,13,2,0,0,0,0,1,1,5,0,0,Paly Players,No-Talent Ass Clowns,
tba,2015/06/24/tormlb-tbamlb-1,0,4,1,0,0,5,3,0,0,0,0,1,1,13,0,0,Dr. Watson,Damnedest of the Nice,
tor,2015/06/24/tormlb-tbamlb-1,1,6,0,0,1,9,4,4,0,0,0,0,1,15,1,0,Buena Vista Bottoms,,
col,2015/06/25/arimlb-colmlb-1,6,7,0,0,2,13,6,2,1,0,1,4,0,7,1,0,Portlandia Misfits,,
ari,2015/06/25/arimlb-colmlb-1,4,9,2,0,0,11,5,2,0,1,1,6,1,5,0,0,No-Talent Ass Clowns,Dr. Watson,
was,2015/06/25/atlmlb-wasmlb-1,7,12,3,0,1,18,2,0,1,0,1,0,1,6,0,0,The Rube,Detroit Noojies (aka dbags),
atl,2015/06/25/atlmlb-wasmlb-1,0,6,1,0,0,7,1,0,1,0,1,7,0,3,0,0,Damnedest of the Nice,Damnedest of the Nice,
bos,2015/06/25/balmlb-bosmlb-1,6,12,3,0,1,18,0,0,0,0,0,8,0,9,0,0,Dr. Watson,,
bal,2015/06/25/balmlb-bosmlb-1,8,14,6,0,1,23,2,1,1,1,2,6,0,7,1,2,Damnedest of the Nice,,
det,2015/06/25/chamlb-detmlb-1,7,16,2,1,2,26,5,0,0,1,1,8,0,9,0,0,Buena Vista Bottoms,Damnedest of the Nice,
cha,2015/06/25/chamlb-detmlb-1,8,10,3,1,1,18,5,0,1,0,1,7,0,12,1,1,,No-Talent Ass Clowns,
pit,2015/06/25/cinmlb-pitmlb-1,4,11,2,0,0,13,6,0,2,0,2,5,1,12,0,0,Paly Players,The Rube,
cin,2015/06/25/cinmlb-pitmlb-1,5,17,0,1,2,25,3,2,0,0,0,4,1,6,0,0,Detroit Noojies (aka dbags),The Rube,
chn,2015/06/25/lanmlb-chnmlb-1,0,8,3,0,0,11,3,0,0,0,0,4,0,9,0,0,Detroit Noojies (aka dbags),Portlandia Misfits,
lan,2015/06/25/lanmlb-chnmlb-1,4,6,1,2,0,11,6,0,0,0,0,0,0,8,0,0,Detroit Noojies (aka dbags),Buena Vista Bottoms,
hou,2015/06/25/nyamlb-houmlb-1,4,7,4,0,0,11,3,2,0,1,1,0,1,12,0,0,Portlandia Misfits,Paly Players,
nya,2015/06/25/nyamlb-houmlb-1,0,6,0,0,0,6,1,0,0,0,0,4,0,6,0,0,,Portlandia Misfits,
mil,2015/06/25/nynmlb-milmlb-1,0,4,1,0,0,5,0,0,0,0,0,2,0,10,0,0,No-Talent Ass Clowns,Detroit Noojies (aka dbags),
nyn,2015/06/25/nynmlb-milmlb-1,2,10,1,0,0,11,2,0,0,0,0,0,1,8,1,0,,Dr. Watson,
tex,2015/06/25/oakmlb-texmlb-1,3,10,3,0,1,16,1,0,0,0,0,6,1,4,0,0,Damnedest of the Nice,Paly Players,
oak,2015/06/25/oakmlb-texmlb-1,6,10,0,0,0,10,4,0,0,1,1,3,1,8,1,2,The Rube,Buena Vista Bottoms,
sfn,2015/06/25/sdnmlb-sfnmlb-1,13,19,4,4,0,31,2,1,0,1,1,8,1,8,0,1,Portlandia Misfits,Portlandia Misfits,
sdn,2015/06/25/sdnmlb-sfnmlb-1,8,12,2,1,1,19,2,0,0,0,0,13,0,13,0,0,No-Talent Ass Clowns,Dr. Watson,
mia,2015/06/25/slnmlb-miamlb-1,1,4,0,0,1,7,4,0,1,0,1,5,0,9,0,0,The Rube,Buena Vista Bottoms,
sln,2015/06/25/slnmlb-miamlb-1,5,10,1,0,0,11,3,1,1,1,2,1,1,7,0,0,Paly Players,No-Talent Ass Clowns,
sdn,2015/06/26/arimlb-sdnmlb-1,4,8,3,0,0,11,0,2,2,1,3,2,1,8,1,2,No-Talent Ass Clowns,Dr. Watson,
ari,2015/06/26/arimlb-sdnmlb-1,2,2,0,0,0,2,6,2,0,0,0,4,1,7,0,0,No-Talent Ass Clowns,Dr. Watson,
pit,2015/06/26/atlmlb-pitmlb-1,3,11,3,0,0,14,4,1,0,0,0,2,1,4,0,0,Paly Players,The Rube,
atl,2015/06/26/atlmlb-pitmlb-1,2,6,0,0,1,9,4,0,0,0,0,3,0,7,0,0,Damnedest of the Nice,Damnedest of the Nice,
tba,2015/06/26/bosmlb-tbamlb-1,3,12,3,0,0,15,2,0,0,1,1,4,1,7,0,0,Dr. Watson,Damnedest of the Nice,
bos,2015/06/26/bosmlb-tbamlb-1,4,10,2,0,0,12,5,2,0,1,1,3,1,10,1,0,Dr. Watson,,
det,2015/06/26/chamlb-detmlb-1,5,14,3,1,2,25,0,0,0,0,0,4,0,9,1,0,Buena Vista Bottoms,Damnedest of the Nice,
cha,2015/06/26/chamlb-detmlb-1,4,8,2,1,3,21,2,1,0,0,0,5,1,5,0,0,,No-Talent Ass Clowns,
sln,2015/06/26/chnmlb-slnmlb-1,3,6,2,1,1,13,4,0,0,0,0,2,1,8,0,0,Paly Players,No-Talent Ass Clowns,
chn,2015/06/26/chnmlb-slnmlb-1,2,12,2,0,0,14,3,0,1,1,2,3,1,9,0,0,Detroit Noojies (aka dbags),Portlandia Misfits,
nyn,2015/06/26/cinmlb-nynmlb-1,2,2,0,1,1,7,3,1,0,0,0,1,1,5,1,0,,Dr. Watson,
cin,2015/06/26/cinmlb-nynmlb-1,1,5,0,0,0,5,0,2,0,0,0,2,1,8,0,0,Detroit Noojies (aka dbags),The Rube,
bal,2015/06/26/clemlb-balmlb-1,4,10,3,0,1,16,2,0,0,1,1,3,1,9,1,1,Damnedest of the Nice,,
cle,2015/06/26/clemlb-balmlb-1,3,10,0,0,3,19,3,0,0,0,0,4,1,10,0,0,Dr. Watson,Detroit Noojies (aka dbags),
sfn,2015/06/26/colmlb-sfnmlb-1,6,9,1,0,1,13,5,0,0,0,0,8,0,6,0,0,Portlandia Misfits,Portlandia Misfits,
col,2015/06/26/colmlb-sfnmlb-1,8,17,1,1,2,26,2,0,0,0,0,6,1,7,0,3,Portlandia Misfits,,
oak,2015/06/26/kcamlb-oakmlb-1,2,4,2,0,0,6,1,0,0,0,0,5,1,7,0,0,The Rube,Buena Vista Bottoms,
kca,2015/06/26/kcamlb-oakmlb-1,5,11,1,0,2,18,4,1,0,0,0,2,1,5,1,0,Paly Players,Paly Players,
mia,2015/06/26/lanmlb-miamlb-1,1,6,0,0,0,6,1,1,0,0,0,7,0,6,0,0,The Rube,Buena Vista Bottoms,
lan,2015/06/26/lanmlb-miamlb-1,7,13,1,0,1,17,4,0,0,0,0,1,1,16,0,0,Detroit Noojies (aka dbags),Buena Vista Bottoms,
mil,2015/06/26/minmlb-milmlb-1,10,12,2,0,3,23,3,2,1,0,1,4,0,4,0,0,No-Talent Ass Clowns,Detroit Noojies (aka dbags),
min,2015/06/26/minmlb-milmlb-1,4,7,0,0,2,13,1,1,0,0,0,10,0,6,0,0,Buena Vista Bottoms,,
hou,2015/06/26/nyamlb-houmlb-1,2,5,1,0,0,6,3,2,0,0,0,3,1,4,0,0,Portlandia Misfits,Paly Players,
nya,2015/06/26/nyamlb-houmlb-1,3,9,1,0,1,13,3,0,0,0,0,2,1,11,1,2,,Portlandia Misfits,
ana,2015/06/26/seamlb-anamlb-1,1,9,1,0,1,13,1,0,1,0,1,3,1,3,0,0,,No-Talent Ass Clowns,
sea,2015/06/26/seamlb-anamlb-1,3,9,4,0,1,16,3,0,1,0,1,1,1,9,1,2,,The Rube,
tor,2015/06/26/texmlb-tormlb-1,12,13,2,0,4,27,6,0,0,1,1,2,1,7,0,0,Buena Vista Bottoms,,
tex,2015/06/26/texmlb-tormlb-1,2,7,2,0,1,12,2,0,0,0,0,12,0,3,0,0,Damnedest of the Nice,Paly Players,
phi,2015/06/26/wasmlb-phimlb-1,2,7,3,0,1,13,0,0,0,0,0,5,0,10,0,0,,,
was,2015/06/26/wasmlb-phimlb-1,5,9,1,0,1,13,2,1,1,1,2,2,1,7,1,0,The Rube,Detroit Noojies (aka dbags),
sdn,2015/06/27/arimlb-sdnmlb-1,7,15,5,0,1,23,1,0,0,0,0,2,1,8,0,0,No-Talent Ass Clowns,Dr. Watson,
ari,2015/06/27/arimlb-sdnmlb-1,2,8,3,0,0,11,0,0,0,0,0,7,0,8,0,0,No-Talent Ass Clowns,Dr. Watson,
pit,2015/06/27/atlmlb-pitmlb-1,8,13,2,0,0,15,1,2,1,0,1,4,0,8,0,2,Paly Players,The Rube,
atl,2015/06/27/atlmlb-pitmlb-1,4,11,4,0,0,15,0,0,0,0,0,8,0,7,0,0,Damnedest of the Nice,Damnedest of the Nice,
tba,2015/06/27/bosmlb-tbamlb-1,4,7,2,1,3,20,3,2,0,0,0,1,1,9,1,2,Dr. Watson,Damnedest of the Nice,
bos,2015/06/27/bosmlb-tbamlb-1,1,3,0,0,1,6,0,0,0,0,0,4,1,12,0,0,Dr. Watson,,
sln,2015/06/27/chnmlb-slnmlb-1,8,13,4,0,0,17,6,0,1,0,1,1,1,8,1,0,Paly Players,No-Talent Ass Clowns,
chn,2015/06/27/chnmlb-slnmlb-1,1,7,2,0,0,9,4,0,0,0,0,8,0,4,0,0,Detroit Noojies (aka dbags),Portlandia Misfits,
nyn,2015/06/27/cinmlb-nynmlb-1,2,11,3,0,1,17,8,0,0,0,0,1,1,7,0,0,,Dr. Watson,
cin,2015/06/27/cinmlb-nynmlb-1,1,10,2,0,0,12,4,0,1,0,1,2,0,8,0,0,Detroit Noojies (aka dbags),The Rube,
sfn,2015/06/27/colmlb-sfnmlb-1,7,12,4,0,1,19,3,0,0,0,0,5,0,2,1,1,Portlandia Misfits,Portlandia Misfits,
col,2015/06/27/colmlb-sfnmlb-1,5,8,4,0,0,12,5,2,0,1,1,7,1,5,0,0,Portlandia Misfits,,
oak,2015/06/27/kcamlb-oakmlb-1,2,4,3,0,0,7,4,2,0,0,0,3,1,7,0,0,The Rube,Buena Vista Bottoms,
kca,2015/06/27/kcamlb-oakmlb-1,3,8,2,0,0,10,2,2,0,1,1,2,1,7,1,2,Paly Players,Paly Players,
mia,2015/06/27/lanmlb-miamlb-1,3,8,2,0,0,10,0,1,1,0,1,2,1,9,1,1,The Rube,Buena Vista Bottoms,
lan,2015/06/27/lanmlb-miamlb-1,2,6,0,0,1,9,0,0,0,0,0,3,1,12,0,0,Detroit Noojies (aka dbags),Buena Vista Bottoms,
mil,2015/06/27/minmlb-milmlb-1,2,7,1,0,0,8,1,0,0,0,0,5,0,4,0,0,No-Talent Ass Clowns,Detroit Noojies (aka dbags),
min,2015/06/27/minmlb-milmlb-1,5,7,1,0,3,17,4,1,0,0,0,2,1,4,1,2,Buena Vista Bottoms,,
hou,2015/06/27/nyamlb-houmlb-1,6,10,4,0,3,23,4,0,0,0,0,9,0,4,0,0,Portlandia Misfits,Paly Players,
nya,2015/06/27/nyamlb-houmlb-1,9,10,3,0,3,22,7,1,1,0,1,6,0,12,1,1,,Portlandia Misfits,
ana,2015/06/27/seamlb-anamlb-1,4,6,2,0,1,11,3,0,0,0,0,2,1,7,1,1,,No-Talent Ass Clowns,
sea,2015/06/27/seamlb-anamlb-1,2,8,1,0,1,12,2,0,0,0,0,4,0,8,0,0,,The Rube,
tor,2015/06/27/texmlb-tormlb-1,0,3,0,0,0,3,2,0,0,0,0,4,0,12,0,0,Buena Vista Bottoms,,
tex,2015/06/27/texmlb-tormlb-1,4,11,0,0,3,20,0,1,0,1,1,0,1,4,0,0,Damnedest of the Nice,Paly Players,
phi,2015/06/27/wasmlb-phimlb-1,0,1,0,0,0,1,0,1,0,0,0,0,0,3,0,0,,,
was,2015/06/27/wasmlb-phimlb-1,0,3,0,0,0,3,0,0,0,0,0,0,0,0,0,0,The Rube,Detroit Noojies (aka dbags),
sdn,2015/06/28/arimlb-sdnmlb-1,4,5,1,0,3,15,2,0,1,0,1,6,0,8,0,0,No-Talent Ass Clowns,Dr. Watson,
ari,2015/06/28/arimlb-sdnmlb-1,6,6,0,0,3,15,0,1,0,0,0,4,0,3,1,1,No-Talent Ass Clowns,Dr. Watson,
pit,2015/06/28/atlmlb-pitmlb-1,1,6,2,0,0,8,1,1,1,0,1,2,0,7,0,0,Paly Players,The Rube,
atl,2015/06/28/atlmlb-pitmlb-1,2,8,0,0,1,11,4,0,1,0,1,1,1,10,1,1,Damnedest of the Nice,Damnedest of the Nice,
tba,2015/06/28/bosmlb-tbamlb-1,3,10,3,0,0,13,1,0,0,0,0,5,0,11,0,0,Dr. Watson,Damnedest of the Nice,
bos,2015/06/28/bosmlb-tbamlb-1,5,8,2,0,3,19,2,0,0,1,1,3,0,12,1,1,Dr. Watson,,
det,2015/06/28/chamlb-detmlb-1,5,6,1,0,1,10,3,0,0,0,0,4,0,8,0,0,Buena Vista Bottoms,Damnedest of the Nice,
cha,2015/06/28/chamlb-detmlb-1,4,8,1,1,1,14,0,0,0,2,2,5,0,6,0,0,,No-Talent Ass Clowns,
sln,2015/06/28/chnmlb-slnmlb-1,4,8,6,0,0,14,1,1,0,0,0,1,1,9,1,2,Paly Players,No-Talent Ass Clowns,
chn,2015/06/28/chnmlb-slnmlb-1,1,6,3,0,0,9,3,0,0,1,1,4,0,12,0,0,Detroit Noojies (aka dbags),Portlandia Misfits,
nyn,2015/06/28/cinmlb-nynmlb-1,7,8,2,0,0,10,5,1,0,0,0,2,1,7,0,0,,Dr. Watson,
cin,2015/06/28/cinmlb-nynmlb-1,2,6,0,0,2,12,3,0,1,0,1,7,0,3,0,0,Detroit Noojies (aka dbags),The Rube,
bal,2015/06/28/clemlb-balmlb-1,4,6,3,0,2,15,2,0,0,0,0,0,1,8,0,0,Damnedest of the Nice,,
cle,2015/06/28/clemlb-balmlb-1,0,4,0,0,0,4,2,0,0,0,0,4,0,5,0,0,Dr. Watson,Detroit Noojies (aka dbags),
bal,2015/06/28/clemlb-balmlb-2,8,8,3,0,3,20,4,0,0,0,0,0,1,7,0,0,Damnedest of the Nice,,
cle,2015/06/28/clemlb-balmlb-2,0,8,2,0,0,10,0,0,0,0,0,8,0,12,0,0,Dr. Watson,Detroit Noojies (aka dbags),
sfn,2015/06/28/colmlb-sfnmlb-1,6,10,2,1,3,23,0,0,0,0,0,3,1,8,0,1,Portlandia Misfits,Portlandia Misfits,
col,2015/06/28/colmlb-sfnmlb-1,3,7,0,0,2,13,2,0,0,0,0,6,0,6,0,0,Portlandia Misfits,,
oak,2015/06/28/kcamlb-oakmlb-1,3,11,3,0,0,14,1,0,0,2,2,5,0,7,0,0,The Rube,Buena Vista Bottoms,
kca,2015/06/28/kcamlb-oakmlb-1,5,8,1,0,1,12,2,0,0,1,1,3,1,10,1,2,Paly Players,Paly Players,
mia,2015/06/28/lanmlb-miamlb-1,0,5,2,0,0,7,1,0,0,0,0,2,0,9,0,0,The Rube,Buena Vista Bottoms,
lan,2015/06/28/lanmlb-miamlb-1,2,7,1,0,0,8,8,0,1,0,1,0,1,8,1,1,Detroit Noojies (aka dbags),Buena Vista Bottoms,
mil,2015/06/28/minmlb-milmlb-1,5,8,2,0,2,16,4,2,1,0,1,3,1,7,0,0,No-Talent Ass Clowns,Detroit Noojies (aka dbags),
min,2015/06/28/minmlb-milmlb-1,3,7,0,0,1,10,5,1,0,1,1,5,1,8,0,0,Buena Vista Bottoms,,
hou,2015/06/28/nyamlb-houmlb-1,3,7,3,1,0,12,0,0,1,1,2,1,1,8,1,0,Portlandia Misfits,Paly Players,
nya,2015/06/28/nyamlb-houmlb-1,1,2,0,0,0,2,2,0,0,0,0,3,1,8,0,0,,Portlandia Misfits,
ana,2015/06/28/seamlb-anamlb-1,3,7,1,0,0,8,5,0,2,0,2,2,1,7,0,0,,No-Talent Ass Clowns,
sea,2015/06/28/seamlb-anamlb-1,2,5,1,0,1,9,2,0,0,0,0,3,1,9,0,1,,The Rube,
tor,2015/06/28/texmlb-tormlb-1,3,4,1,0,1,8,4,0,0,0,0,2,0,13,1,3,Buena Vista Bottoms,,
tex,2015/06/28/texmlb-tormlb-1,2,9,2,0,0,11,4,3,0,0,0,3,1,5,0,0,Damnedest of the Nice,Paly Players,
phi,2015/06/28/wasmlb-phimlb-1,2,5,0,0,1,8,1,2,0,0,0,3,0,8,0,0,,,
was,2015/06/28/wasmlb-phimlb-1,3,9,3,0,0,12,6,0,1,1,2,2,1,11,1,2,The Rube,Detroit Noojies (aka dbags),
phi,2015/06/28/wasmlb-phimlb-2,8,16,1,0,0,17,1,1,1,1,2,5,0,10,1,1,,,
was,2015/06/28/wasmlb-phimlb-2,5,10,2,0,2,18,2,0,1,0,1,8,0,2,0,0,The Rube,Detroit Noojies (aka dbags),
tor,2015/06/29/bosmlb-tormlb-1,1,5,2,0,0,7,0,0,0,0,0,3,1,5,0,0,Buena Vista Bottoms,,
bos,2015/06/29/bosmlb-tormlb-1,3,7,1,2,0,12,3,0,0,0,0,1,1,5,1,0,Dr. Watson,,
tba,2015/06/29/clemlb-tbamlb-1,1,3,1,0,1,7,0,0,0,0,0,7,1,12,0,0,Dr. Watson,Damnedest of the Nice,
cle,2015/06/29/clemlb-tbamlb-1,7,13,3,0,1,19,4,1,1,0,1,1,1,3,0,0,Dr. Watson,Detroit Noojies (aka dbags),
oak,2015/06/29/colmlb-oakmlb-1,7,11,2,1,3,24,2,0,0,0,0,1,1,6,0,0,The Rube,Buena Vista Bottoms,
col,2015/06/29/colmlb-oakmlb-1,1,7,0,0,1,10,4,0,0,0,0,7,0,3,0,0,Portlandia Misfits,,
hou,2015/06/29/kcamlb-houmlb-1,6,7,1,0,2,14,7,0,0,1,1,1,1,6,0,0,Portlandia Misfits,Paly Players,
kca,2015/06/29/kcamlb-houmlb-1,1,5,1,0,1,9,4,0,0,0,0,6,0,8,0,0,Paly Players,Paly Players,
ari,2015/06/29/lanmlb-arimlb-1,10,12,1,1,2,21,5,6,2,0,2,6,0,8,0,0,No-Talent Ass Clowns,Dr. Watson,
lan,2015/06/29/lanmlb-arimlb-1,6,10,1,0,3,20,7,0,0,0,0,10,0,8,0,1,Detroit Noojies (aka dbags),Buena Vista Bottoms,
phi,2015/06/29/milmlb-phimlb-1,4,9,4,0,0,13,2,1,0,0,0,7,0,5,0,0,,,
mil,2015/06/29/milmlb-phimlb-1,7,16,5,0,0,21,2,0,1,1,2,4,0,7,1,4,No-Talent Ass Clowns,Detroit Noojies (aka dbags),
cin,2015/06/29/minmlb-cinmlb-1,11,17,4,0,0,21,6,6,1,1,2,7,0,10,0,1,Detroit Noojies (aka dbags),The Rube,
min,2015/06/29/minmlb-cinmlb-1,7,9,3,0,1,15,3,2,1,0,1,11,0,6,0,0,Buena Vista Bottoms,,
ana,2015/06/29/nyamlb-anamlb-1,4,6,2,0,2,14,2,1,0,0,0,1,1,6,1,2,,No-Talent Ass Clowns,
nya,2015/06/29/nyamlb-anamlb-1,1,8,2,0,0,10,4,0,0,0,0,4,0,6,0,0,,Portlandia Misfits,
bal,2015/06/29/texmlb-balmlb-1,1,9,2,0,0,11,3,0,0,0,0,8,0,8,0,0,Damnedest of the Nice,,
tex,2015/06/29/texmlb-balmlb-1,8,14,1,1,4,29,2,0,0,0,0,1,0,14,0,0,Damnedest of the Nice,Paly Players,
tor,2015/06/30/bosmlb-tormlb-1,3,6,2,0,1,11,2,0,0,0,0,4,0,3,0,0,Buena Vista Bottoms,,
bos,2015/06/30/bosmlb-tormlb-1,4,7,1,0,2,14,5,0,0,0,0,3,1,5,1,2,Dr. Watson,,
sln,2015/06/30/chamlb-slnmlb-1,1,8,1,0,1,12,2,0,1,0,1,2,1,14,0,0,Paly Players,No-Talent Ass Clowns,
cha,2015/06/30/chamlb-slnmlb-1,2,9,0,0,1,12,2,0,0,0,0,1,1,14,1,0,,No-Talent Ass Clowns,
nyn,2015/06/30/chnmlb-nynmlb-1,0,3,1,0,0,4,1,0,0,0,0,1,1,8,0,0,,Dr. Watson,
chn,2015/06/30/chnmlb-nynmlb-1,1,4,1,0,0,5,5,0,0,0,0,0,1,9,1,2,Detroit Noojies (aka dbags),Portlandia Misfits,
tba,2015/06/30/clemlb-tbamlb-1,2,2,2,0,0,4,2,0,0,0,0,6,0,11,0,0,Dr. Watson,Damnedest of the Nice,
cle,2015/06/30/clemlb-tbamlb-1,6,7,1,0,3,17,3,1,0,0,0,2,1,4,0,0,Dr. Watson,Detroit Noojies (aka dbags),
oak,2015/06/30/colmlb-oakmlb-1,1,6,2,0,0,8,4,1,0,0,0,2,0,10,0,0,The Rube,Buena Vista Bottoms,
col,2015/06/30/colmlb-oakmlb-1,2,7,0,0,0,7,0,0,0,0,0,1,1,6,1,1,Portlandia Misfits,,
hou,2015/06/30/kcamlb-houmlb-1,4,6,1,1,1,12,2,0,0,0,0,0,1,8,0,0,Portlandia Misfits,Paly Players,
kca,2015/06/30/kcamlb-houmlb-1,0,8,3,0,0,11,0,0,0,0,0,4,0,6,0,0,Paly Players,Paly Players,
ari,2015/06/30/lanmlb-arimlb-1,4,10,1,0,1,14,5,0,0,1,1,6,0,13,0,1,No-Talent Ass Clowns,Dr. Watson,
lan,2015/06/30/lanmlb-arimlb-1,6,11,3,0,2,20,3,0,0,0,0,4,0,6,1,0,Detroit Noojies (aka dbags),Buena Vista Bottoms,
phi,2015/06/30/milmlb-phimlb-1,3,8,0,0,1,11,4,4,1,0,1,4,1,9,0,0,,,
mil,2015/06/30/milmlb-phimlb-1,4,10,1,1,0,13,3,1,1,0,1,3,1,8,1,2,No-Talent Ass Clowns,Detroit Noojies (aka dbags),
cin,2015/06/30/minmlb-cinmlb-1,5,11,1,0,2,18,2,0,0,0,0,8,0,11,0,0,Detroit Noojies (aka dbags),The Rube,
min,2015/06/30/minmlb-cinmlb-1,8,15,3,0,1,21,4,2,0,1,1,5,0,5,1,1,Buena Vista Bottoms,,
ana,2015/06/30/nyamlb-anamlb-1,2,9,2,0,2,17,3,0,1,0,1,1,1,9,1,1,,No-Talent Ass Clowns,
nya,2015/06/30/nyamlb-anamlb-1,1,2,0,0,1,5,2,0,0,0,0,2,0,9,0,0,,Portlandia Misfits,
det,2015/06/30/pitmlb-detmlb-1,4,17,3,0,1,23,1,1,0,0,0,5,1,15,0,0,Buena Vista Bottoms,Damnedest of the Nice,
pit,2015/06/30/pitmlb-detmlb-1,5,14,3,1,0,19,8,1,1,2,3,4,1,16,0,1,Paly Players,The Rube,
sdn,2015/06/30/seamlb-sdnmlb-1,0,1,1,0,0,2,4,0,0,0,0,5,0,8,0,0,No-Talent Ass Clowns,Dr. Watson,
sea,2015/06/30/seamlb-sdnmlb-1,5,7,0,1,2,15,1,0,0,0,0,0,1,7,0,0,,The Rube,
mia,2015/06/30/sfnmlb-miamlb-1,5,9,1,0,2,16,4,1,2,1,3,3,1,10,1,3,The Rube,Buena Vista Bottoms,
sfn,2015/06/30/sfnmlb-miamlb-1,3,6,1,0,1,10,2,0,1,0,1,5,0,4,0,0,Portlandia Misfits,Portlandia Misfits,
bal,2015/06/30/texmlb-balmlb-1,6,7,0,0,3,16,1,1,0,0,0,8,0,4,0,0,Damnedest of the Nice,,
tex,2015/06/30/texmlb-balmlb-1,8,12,1,0,4,25,4,0,0,0,0,6,1,6,1,2,Damnedest of the Nice,Paly Players,
atl,2015/06/30/wasmlb-atlmlb-1,1,8,1,0,1,12,0,0,0,0,0,6,0,15,0,0,Damnedest of the Nice,Damnedest of the Nice,
was,2015/06/30/wasmlb-atlmlb-1,6,11,3,0,1,17,4,1,1,0,1,1,1,7,0,0,The Rube,Detroit Noojies (aka dbags),
